"2022-01-02 10:54:41,779",0,3,-0.7,47,0.099996
"2022-01-02 10:54:46,453",1,62,4.7,42,0.099938
"2022-01-02 10:54:51,217",2,115,4.3,42,0.099884
"2022-01-02 10:54:55,955",3,164,3.9,42,0.099834
"2022-01-02 10:55:00,708",4,221,4.7,42,0.099776
"2022-01-02 10:55:05,466",5,282,5.0,42,0.099715
"2022-01-02 10:55:10,211",6,342,5.0,42,0.099654
"2022-01-02 10:55:14,924",7,394,4.2,42,0.099601
"2022-01-02 10:55:19,644",8,445,3.7,42,0.099553
"2022-01-02 10:55:24,398",9,507,5.2,42,0.099491
"2022-01-02 10:55:29,137",10,570,5.0,42,0.099430
"2022-01-02 10:55:33,869",11,629,4.9,42,0.099370
"2022-01-02 10:55:38,554",12,693,5.2,42,0.099307
"2022-01-02 10:55:43,269",13,756,5.3,42,0.099243
"2022-01-02 10:55:48,017",14,817,5.0,42,0.099182
"2022-01-02 10:55:52,769",15,875,4.6,42,0.099125
"2022-01-02 10:55:57,466",16,935,5.0,42,0.099064
"2022-01-02 10:56:02,151",17,996,4.8,42,0.099005
"2022-01-02 10:56:06,843",18,1053,4.7,42,0.098947
"2022-01-02 10:56:11,569",19,1116,5.1,42,0.098885
"2022-01-02 10:56:16,396",20,1176,5.0,42,0.098824
"2022-01-02 10:56:21,114",21,1231,4.3,42,0.098770
"2022-01-02 10:56:25,821",22,1282,4.0,42,0.098719
"2022-01-02 10:56:30,553",23,1343,4.9,42,0.098659
"2022-01-02 10:56:35,220",24,1404,5.0,42,0.098598
"2022-01-02 10:56:39,985",25,1463,4.7,42,0.098540
"2022-01-02 10:56:44,688",26,1522,4.9,42,0.098481
"2022-01-02 10:56:49,460",27,1579,4.7,42,0.098423
"2022-01-02 10:56:54,195",28,1638,4.9,42,0.098363
"2022-01-02 10:56:58,936",29,1688,3.8,42,0.098314
"2022-01-02 10:57:03,683",30,1746,4.7,42,0.098256
"2022-01-02 10:57:08,350",31,1805,4.9,42,0.098196
"2022-01-02 10:57:13,112",32,1864,4.8,42,0.098137
"2022-01-02 10:57:17,823",33,1925,5.1,42,0.098075
"2022-01-02 10:57:22,534",34,1983,4.7,42,0.098017
"2022-01-02 10:57:27,290",35,2041,4.8,42,0.097958
"2022-01-02 10:57:32,040",36,2100,4.8,42,0.097899
"2022-01-02 10:57:36,796",37,2158,4.8,42,0.097840
"2022-01-02 10:57:41,578",38,2219,4.9,42,0.097780
"2022-01-02 10:57:46,328",39,2277,4.7,42,0.097722
"2022-01-02 10:57:51,102",40,2337,4.9,42,0.097662
"2022-01-02 10:57:55,836",41,2385,3.6,42,0.097615
"2022-01-02 10:58:00,540",42,2435,3.9,42,0.097565
"2022-01-02 10:58:05,277",43,2475,3.0,42,0.097524
"2022-01-02 10:58:09,982",44,2532,4.5,42,0.097469
"2022-01-02 10:58:14,759",45,2580,3.8,42,0.097420
"2022-01-02 10:58:19,441",46,2631,4.0,42,0.097369
"2022-01-02 10:58:25,997",47,2710,6.7,59,0.097291
"2022-01-02 10:58:30,706",48,2758,3.8,42,0.097242
"2022-01-02 10:58:35,406",49,2809,4.0,42,0.097191
"2022-01-02 10:58:40,165",50,2868,4.8,42,0.097132
"2022-01-02 10:58:44,873",51,2931,4.9,42,0.097072
"2022-01-02 10:58:49,623",52,2991,4.9,42,0.097012
"2022-01-02 10:58:54,381",53,3047,4.6,42,0.096955
"2022-01-02 10:58:59,096",54,3098,4.1,42,0.096903
"2022-01-02 10:59:03,823",55,3146,3.5,42,0.096857
"2022-01-02 10:59:08,502",56,3205,4.8,42,0.096798
"2022-01-02 10:59:13,263",57,3256,3.9,42,0.096748
"2022-01-02 10:59:17,927",58,3313,4.7,42,0.096690
"2022-01-02 10:59:22,645",59,3373,4.9,42,0.096630
"2022-01-02 10:59:27,435",60,3429,4.5,42,0.096574
"2022-01-02 10:59:32,178",61,3484,4.5,42,0.096518
"2022-01-02 10:59:36,896",62,3542,4.8,42,0.096460
"2022-01-02 10:59:41,662",63,3600,4.7,42,0.096402
"2022-01-02 10:59:46,343",64,3662,5.2,42,0.096339
"2022-01-02 10:59:51,107",65,3706,3.4,42,0.096294
"2022-01-02 10:59:55,819",66,3755,3.9,42,0.096244
"2022-01-02 11:00:00,575",67,3802,3.6,42,0.096197
"2022-01-02 11:00:05,316",68,3859,4.6,42,0.096140
"2022-01-02 11:00:10,036",69,3920,5.1,42,0.096078
"2022-01-02 11:00:14,798",70,3978,4.8,42,0.096019
"2022-01-02 11:00:19,495",71,4035,4.7,42,0.095961
"2022-01-02 11:00:24,247",72,4085,3.9,42,0.095911
"2022-01-02 11:00:28,952",73,4142,4.5,42,0.095855
"2022-01-02 11:00:33,708",74,4194,4.0,42,0.095804
"2022-01-02 11:00:38,420",75,4249,4.3,42,0.095750
"2022-01-02 11:00:43,135",76,4297,3.8,42,0.095701
"2022-01-02 11:00:47,892",77,4355,4.8,42,0.095642
"2022-01-02 11:00:52,555",78,4411,4.6,42,0.095585
"2022-01-02 11:00:57,253",79,4472,4.7,42,0.095527
"2022-01-02 11:01:02,014",80,4527,4.5,42,0.095472
"2022-01-02 11:01:06,780",81,4572,3.4,42,0.095427
"2022-01-02 11:01:11,545",82,4619,3.5,42,0.095381
"2022-01-02 11:01:16,233",83,4658,2.8,42,0.095342
"2022-01-02 11:01:20,970",84,4703,3.4,42,0.095297
"2022-01-02 11:01:25,765",85,4751,3.7,42,0.095249
"2022-01-02 11:01:30,457",86,4804,4.2,42,0.095196
"2022-01-02 11:01:35,218",87,4859,4.4,42,0.095141
"2022-01-02 11:01:39,914",88,4916,4.6,42,0.095084
"2022-01-02 11:01:44,632",89,4976,5.0,42,0.095023
"2022-01-02 11:01:49,377",90,5036,5.0,42,0.094962
"2022-01-02 11:01:54,127",91,5093,4.6,42,0.094905
"2022-01-02 11:01:58,901",92,5152,4.9,42,0.094845
"2022-01-02 11:02:03,629",93,5210,4.6,42,0.094788
"2022-01-02 11:02:08,412",94,5269,4.7,42,0.094730
"2022-01-02 11:02:13,149",95,5325,4.4,42,0.094675
"2022-01-02 11:02:17,877",96,5373,3.5,42,0.094629
"2022-01-02 11:02:22,582",97,5419,3.4,42,0.094584
"2022-01-02 11:02:27,320",98,5468,3.6,42,0.094537
"2022-01-02 11:02:32,149",99,5515,3.7,43,0.094490
"2022-01-02 11:02:36,902",100,5570,4.4,42,0.094435
"2022-01-02 11:02:41,571",101,5627,4.4,42,0.094380
"2022-01-02 11:02:46,287",102,5683,4.6,42,0.094323
"2022-01-02 11:02:51,052",103,5741,4.7,42,0.094265
"2022-01-02 11:02:55,815",104,5788,3.6,42,0.094218
"2022-01-02 11:03:00,590",105,5847,4.8,42,0.094159
"2022-01-02 11:03:05,302",106,5906,4.8,42,0.094100
"2022-01-02 11:03:10,028",107,5953,3.7,42,0.094052
"2022-01-02 11:03:14,751",108,5993,3.0,42,0.094011
"2022-01-02 11:03:19,472",109,6045,4.1,42,0.093959
"2022-01-02 11:03:24,194",110,6104,4.7,42,0.093901
"2022-01-02 11:03:28,944",111,6165,4.9,42,0.093841
"2022-01-02 11:03:33,693",112,6226,4.8,42,0.093782
"2022-01-02 11:03:38,457",113,6284,4.8,42,0.093723
"2022-01-02 11:03:43,176",114,6343,4.8,42,0.093664
"2022-01-02 11:03:47,883",115,6400,4.7,42,0.093606
"2022-01-02 11:03:52,619",116,6457,4.6,42,0.093549
"2022-01-02 11:03:57,387",117,6516,4.9,42,0.093490
"2022-01-02 11:04:02,087",118,6574,4.7,42,0.093432
"2022-01-02 11:04:06,817",119,6636,5.1,42,0.093370
"2022-01-02 11:04:11,582",120,6693,4.7,42,0.093312
"2022-01-02 11:04:16,268",121,6753,4.6,42,0.093255
"2022-01-02 11:04:21,033",122,6813,4.9,42,0.093195
"2022-01-02 11:04:25,800",123,6869,4.6,42,0.093138
"2022-01-02 11:04:30,554",124,6924,4.4,42,0.093083
"2022-01-02 11:04:35,310",125,6983,4.7,42,0.093025
"2022-01-02 11:04:40,004",126,7040,4.5,42,0.092969
"2022-01-02 11:04:44,772",127,7100,4.9,42,0.092909
"2022-01-02 11:04:49,473",128,7158,4.8,42,0.092850
"2022-01-02 11:04:54,177",129,7216,4.6,42,0.092793
"2022-01-02 11:04:58,930",130,7273,4.5,42,0.092737
"2022-01-02 11:05:03,625",131,7327,4.4,42,0.092682
"2022-01-02 11:05:08,378",132,7384,4.6,42,0.092625
"2022-01-02 11:05:13,109",133,7430,3.4,42,0.092580
"2022-01-02 11:05:17,822",134,7478,3.7,42,0.092532
"2022-01-02 11:05:22,601",135,7523,3.4,42,0.092488
"2022-01-02 11:05:27,293",136,7580,4.6,42,0.092431
"2022-01-02 11:05:32,019",137,7646,5.2,42,0.092368
"2022-01-02 11:05:36,733",138,7702,4.6,42,0.092311
"2022-01-02 11:05:41,548",139,7762,4.8,43,0.092252
"2022-01-02 11:05:46,285",140,7816,4.3,42,0.092198
"2022-01-02 11:05:50,971",141,7872,4.5,42,0.092142
"2022-01-02 11:05:55,639",142,7929,4.5,42,0.092086
"2022-01-02 11:06:00,399",143,7989,4.7,42,0.092028
"2022-01-02 11:06:05,169",144,8047,4.7,42,0.091970
"2022-01-02 11:06:09,896",145,8106,4.7,42,0.091912
"2022-01-02 11:06:14,640",146,8163,4.6,42,0.091855
"2022-01-02 11:06:19,415",147,8214,4.0,42,0.091804
"2022-01-02 11:06:24,198",148,8257,3.3,42,0.091760
"2022-01-02 11:06:28,943",149,8313,4.6,42,0.091703
"2022-01-02 11:06:33,746",150,8372,4.8,42,0.091644
"2022-01-02 11:06:38,533",151,8432,4.9,42,0.091584
"2022-01-02 11:06:43,227",152,8493,4.7,42,0.091526
"2022-01-02 11:06:47,923",153,8550,4.6,42,0.091470
"2022-01-02 11:06:52,636",154,8605,4.5,42,0.091414
"2022-01-02 11:06:57,343",155,8660,4.3,42,0.091360
"2022-01-02 11:07:02,023",156,8718,4.6,42,0.091303
"2022-01-02 11:07:06,752",157,8778,4.7,42,0.091245
"2022-01-02 11:07:11,475",158,8839,4.8,42,0.091186
"2022-01-02 11:07:16,234",159,8897,4.5,42,0.091130
"2022-01-02 11:07:20,984",160,8951,4.4,42,0.091075
"2022-01-02 11:07:25,670",161,9012,5.0,42,0.091014
"2022-01-02 11:07:30,532",162,9072,5.0,43,0.090953
"2022-01-02 11:07:35,255",163,9129,4.7,42,0.090895
"2022-01-02 11:07:39,968",164,9188,4.8,42,0.090836
"2022-01-02 11:07:44,730",165,9231,3.3,42,0.090792
"2022-01-02 11:07:49,418",166,9290,4.8,42,0.090733
"2022-01-02 11:07:54,118",167,9348,4.6,42,0.090676
"2022-01-02 11:07:58,877",168,9409,4.8,42,0.090617
"2022-01-02 11:08:03,640",169,9468,4.8,42,0.090558
"2022-01-02 11:08:08,416",170,9527,4.8,42,0.090500
"2022-01-02 11:08:13,140",171,9581,4.4,42,0.090445
"2022-01-02 11:08:17,880",172,9636,4.5,42,0.090389
"2022-01-02 11:08:22,667",173,9699,5.2,42,0.090326
"2022-01-02 11:08:27,416",174,9756,4.7,42,0.090268
"2022-01-02 11:08:32,191",175,9812,4.5,42,0.090212
"2022-01-02 11:08:36,966",176,9870,4.7,42,0.090154
"2022-01-02 11:08:41,707",177,9926,4.6,42,0.090097
"2022-01-02 11:08:46,613",178,9986,5.0,42,0.090036
"2022-01-02 11:08:51,988",179,10016,1.7,42,0.090008
"2022-01-02 11:08:57,808",180,10032,-0.2,42,0.089999
"2022-01-02 11:09:03,097",181,10046,-0.3,42,0.089991
"2022-01-02 11:09:08,517",182,10060,-0.3,42,0.089983
"2022-01-02 11:09:14,275",183,10076,-0.2,42,0.089974
"2022-01-02 11:09:20,537",184,10094,-0.1,50,0.089964
"2022-01-02 11:09:26,332",185,10110,-0.2,42,0.089955
"2022-01-02 11:09:31,966",186,10126,-0.2,42,0.089946
"2022-01-02 11:09:37,702",187,10142,-0.2,42,0.089937
"2022-01-02 11:09:45,771",188,10164,0.1,66,0.089925
"2022-01-02 11:09:51,167",189,10178,-0.3,42,0.089917
"2022-01-02 11:09:58,757",190,10200,0.1,61,0.089905
"2022-01-02 11:10:04,408",191,10216,-0.2,42,0.089896
"2022-01-02 11:10:09,710",192,10230,-0.3,42,0.089888
"2022-01-02 11:10:15,470",193,10246,-0.2,42,0.089879
"2022-01-02 11:10:20,793",194,10260,-0.3,42,0.089871
"2022-01-02 11:10:26,069",195,10274,-0.3,42,0.089863
"2022-01-02 11:10:31,810",196,10290,-0.2,42,0.089854
"2022-01-02 11:10:37,581",197,10306,-0.2,42,0.089845
"2022-01-02 11:10:43,237",198,10322,-0.2,42,0.089836
"2022-01-02 11:10:49,598",199,10340,-0.1,51,0.089826
"2022-01-02 11:10:55,324",200,10356,-0.2,42,0.089817
"2022-01-02 11:11:01,333",201,10370,-0.3,42,0.089809
"2022-01-02 11:11:06,903",202,10384,-0.3,42,0.089801
"2022-01-02 11:11:12,149",203,10398,-0.3,42,0.089793
"2022-01-02 11:11:17,902",204,10415,-0.2,42,0.089784
"2022-01-02 11:11:23,651",205,10431,-0.2,42,0.089775
"2022-01-02 11:11:29,322",206,10447,-0.2,42,0.089766
"2022-01-02 11:11:34,972",207,10463,-0.2,42,0.089757
"2022-01-02 11:11:40,653",208,10479,-0.2,42,0.089748
"2022-01-02 11:11:45,862",209,10493,-0.3,42,0.089740
"2022-01-02 11:11:51,594",210,10509,-0.2,42,0.089731
"2022-01-02 11:11:57,299",211,10525,-0.2,42,0.089722
"2022-01-02 11:12:02,966",212,10541,-0.2,42,0.089713
"2022-01-02 11:12:08,734",213,10557,-0.2,42,0.089704
"2022-01-02 11:12:14,496",214,10573,-0.2,42,0.089695
"2022-01-02 11:12:20,341",215,10590,-0.2,42,0.089686
"2022-01-02 11:12:26,087",216,10604,-0.3,42,0.089678
"2022-01-02 11:12:31,838",217,10621,-0.2,42,0.089669
"2022-01-02 11:12:37,153",218,10635,-0.3,42,0.089661
"2022-01-02 11:12:42,920",219,10651,-0.2,42,0.089652
"2022-01-02 11:12:48,686",220,10667,-0.2,42,0.089643
"2022-01-02 11:12:54,388",221,10683,-0.2,42,0.089634
"2022-01-02 11:13:00,138",222,10699,-0.2,42,0.089625
"2022-01-02 11:13:05,873",223,10715,-0.2,42,0.089616
"2022-01-02 11:13:11,205",224,10729,-0.3,42,0.089608
"2022-01-02 11:13:16,990",225,10745,-0.2,42,0.089599
"2022-01-02 11:13:22,800",226,10761,-0.2,42,0.089590
"2022-01-02 11:13:28,633",227,10777,-0.2,42,0.089581
"2022-01-02 11:13:34,404",228,10793,-0.2,42,0.089572
"2022-01-02 11:13:40,238",229,10809,-0.2,42,0.089563
"2022-01-02 11:13:45,821",230,10823,-0.3,42,0.089555
"2022-01-02 11:13:51,625",231,10839,-0.2,42,0.089546
"2022-01-02 11:13:57,372",232,10855,-0.2,42,0.089537
"2022-01-02 11:14:02,712",233,10869,-0.3,42,0.089529
"2022-01-02 11:14:09,157",234,10887,-0.1,49,0.089519
"2022-01-02 11:14:14,937",235,10903,-0.2,42,0.089510
"2022-01-02 11:14:20,582",236,10919,-0.2,42,0.089502
"2022-01-02 11:14:26,349",237,10935,-0.2,42,0.089493
"2022-01-02 11:14:32,091",238,10951,-0.2,42,0.089484
"2022-01-02 11:14:37,330",239,10965,-0.3,42,0.089476
"2022-01-02 11:14:42,598",240,10979,-0.3,42,0.089468
"2022-01-02 11:14:48,305",241,10995,-0.2,42,0.089459
"2022-01-02 11:14:54,146",242,11011,-0.2,42,0.089450
"2022-01-02 11:14:59,429",243,11025,-0.3,42,0.089442
"2022-01-02 11:15:04,981",244,11039,-0.3,42,0.089434
"2022-01-02 11:15:10,713",245,11055,-0.2,42,0.089425
"2022-01-02 11:15:16,544",246,11071,-0.2,42,0.089416
"2022-01-02 11:15:22,314",247,11087,-0.2,42,0.089407
"2022-01-02 11:15:29,996",248,11109,0.1,63,0.089395
"2022-01-02 11:15:35,658",249,11125,-0.2,42,0.089386
"2022-01-02 11:15:40,992",250,11139,-0.3,42,0.089378
"2022-01-02 11:15:46,634",251,11153,-0.3,42,0.089370
"2022-01-02 11:15:52,190",252,11167,-0.3,42,0.089362
"2022-01-02 11:15:57,934",253,11183,-0.2,42,0.089353
"2022-01-02 11:16:03,855",254,11199,-0.2,42,0.089344
"2022-01-02 11:16:09,161",255,11213,-0.3,42,0.089336
"2022-01-02 11:16:15,009",256,11229,-0.2,42,0.089327
"2022-01-02 11:16:20,748",257,11244,-0.3,42,0.089319
"2022-01-02 11:16:27,141",258,11262,-0.1,52,0.089309
"2022-01-02 11:16:32,413",259,11276,-0.3,42,0.089301
"2022-01-02 11:16:37,788",260,11290,-0.3,42,0.089293
"2022-01-02 11:16:43,602",261,11306,-0.2,42,0.089284
"2022-01-02 11:16:49,392",262,11322,-0.2,42,0.089275
"2022-01-02 11:16:55,350",263,11338,-0.2,42,0.089266
"2022-01-02 11:17:00,672",264,11350,-0.4,42,0.089259
"2022-01-02 11:17:07,816",265,11370,-0.0,55,0.089248
"2022-01-02 11:17:13,178",266,11384,-0.3,42,0.089240
"2022-01-02 11:17:20,236",267,11404,-0.0,57,0.089229
"2022-01-02 11:17:26,122",268,11420,-0.2,42,0.089220
"2022-01-02 11:17:31,374",269,11434,-0.3,42,0.089212
"2022-01-02 11:17:37,820",270,11452,-0.1,49,0.089202
"2022-01-02 11:17:43,426",271,11466,-0.3,42,0.089194
"2022-01-02 11:17:49,303",272,11482,-0.2,42,0.089185
"2022-01-02 11:17:54,964",273,11496,-0.3,42,0.089177
"2022-01-02 11:18:01,089",274,11510,-0.3,42,0.089169
"2022-01-02 11:18:06,914",275,11526,-0.2,42,0.089160
"2022-01-02 11:18:12,742",276,11542,-0.2,42,0.089151
"2022-01-02 11:18:18,598",277,11558,-0.2,42,0.089142
"2022-01-02 11:18:24,019",278,11572,-0.3,42,0.089134
"2022-01-02 11:18:31,058",279,11592,-0.0,53,0.089123
"2022-01-02 11:18:36,749",280,11608,-0.2,42,0.089114
"2022-01-02 11:18:42,443",281,11624,-0.2,42,0.089105
"2022-01-02 11:18:48,879",282,11642,-0.1,52,0.089095
"2022-01-02 11:18:54,282",283,11656,-0.3,42,0.089087
"2022-01-02 11:18:59,634",284,11670,-0.3,42,0.089079
"2022-01-02 11:19:05,351",285,11684,-0.3,42,0.089071
"2022-01-02 11:19:10,786",286,11698,-0.3,42,0.089063
"2022-01-02 11:19:16,975",287,11715,-0.2,49,0.089054
"2022-01-02 11:19:22,845",288,11729,-0.3,42,0.089046
"2022-01-02 11:19:28,918",289,11743,-0.3,42,0.089038
"2022-01-02 11:19:34,827",290,11757,-0.3,42,0.089030
"2022-01-02 11:19:40,666",291,11773,-0.2,42,0.089021
"2022-01-02 11:19:46,027",292,11787,-0.3,42,0.089013
"2022-01-02 11:19:51,528",293,11801,-0.3,42,0.089005
"2022-01-02 11:19:57,368",294,11815,-0.3,42,0.088997
"2022-01-02 11:20:03,048",295,11829,-0.3,42,0.088989
"2022-01-02 11:20:08,469",296,11841,-0.4,42,0.088982
"2022-01-02 11:20:13,901",297,11855,-0.3,42,0.088974
"2022-01-02 11:20:20,942",298,11873,-0.1,52,0.088964
"2022-01-02 11:20:27,439",299,11889,-0.2,51,0.088955
"2022-01-02 11:20:32,907",300,11901,-0.4,42,0.088948
"2022-01-02 11:20:38,439",301,11915,-0.3,42,0.088940
"2022-01-02 11:20:44,979",302,11933,-0.1,52,0.088930
"2022-01-02 11:20:51,322",303,11951,-0.1,50,0.088920
"2022-01-02 11:20:59,762",304,11975,0.2,67,0.088907
"2022-01-02 11:21:05,474",305,11991,-0.2,42,0.088898
"2022-01-02 11:21:11,189",306,12007,-0.2,42,0.088889
"2022-01-02 11:21:17,021",307,12023,-0.2,42,0.088880
"2022-01-02 11:21:22,375",308,12035,-0.4,42,0.088873
"2022-01-02 11:21:27,866",309,12048,-0.4,42,0.088866
"2022-01-02 11:21:33,107",310,12062,-0.3,42,0.088858
"2022-01-02 11:21:41,450",311,12086,0.2,65,0.088845
"2022-01-02 11:21:47,293",312,12102,-0.2,42,0.088836
"2022-01-02 11:21:52,513",313,12114,-0.4,42,0.088829
"2022-01-02 11:21:57,977",314,12128,-0.3,42,0.088821
"2022-01-02 11:22:03,423",315,12142,-0.3,42,0.088813
"2022-01-02 11:22:09,713",316,12158,-0.2,50,0.088804
"2022-01-02 11:22:15,144",317,12172,-0.3,42,0.088796
"2022-01-02 11:22:20,691",318,12186,-0.3,42,0.088788
"2022-01-02 11:22:26,156",319,12200,-0.3,43,0.088780
"2022-01-02 11:22:32,088",320,12216,-0.2,42,0.088771
"2022-01-02 11:22:37,648",321,12230,-0.3,42,0.088763
"2022-01-02 11:22:43,203",322,12244,-0.3,42,0.088755
"2022-01-02 11:22:48,592",323,12258,-0.3,42,0.088747
"2022-01-02 11:22:54,205",324,12272,-0.3,42,0.088739
"2022-01-02 11:23:02,972",325,12295,0.1,72,0.088727
"2022-01-02 11:23:10,257",326,12314,-0.1,53,0.088717
"2022-01-02 11:23:16,216",327,12328,-0.3,42,0.088709
"2022-01-02 11:23:21,613",328,12340,-0.4,42,0.088702
"2022-01-02 11:23:27,527",329,12357,-0.2,42,0.088693
"2022-01-02 11:23:33,129",330,12371,-0.3,42,0.088685
"2022-01-02 11:23:38,564",331,12383,-0.4,42,0.088678
"2022-01-02 11:23:44,236",332,12397,-0.3,42,0.088670
"2022-01-02 11:23:49,773",333,12411,-0.3,42,0.088662
"2022-01-02 11:23:58,029",334,12433,0.1,65,0.088650
"2022-01-02 11:24:03,414",335,12447,-0.3,42,0.088642
"2022-01-02 11:24:08,759",336,12461,-0.3,42,0.088634
"2022-01-02 11:24:14,338",337,12475,-0.3,42,0.088626
"2022-01-02 11:24:20,180",338,12489,-0.3,42,0.088618
"2022-01-02 11:24:26,104",339,12503,-0.3,42,0.088610
"2022-01-02 11:24:32,619",340,12519,-0.2,50,0.088601
"2022-01-02 11:24:38,447",341,12533,-0.3,42,0.088593
"2022-01-02 11:24:43,717",342,12545,-0.4,42,0.088586
"2022-01-02 11:24:49,276",343,12559,-0.3,42,0.088578
"2022-01-02 11:24:54,775",344,12573,-0.3,42,0.088570
"2022-01-02 11:25:00,430",345,12587,-0.3,42,0.088562
"2022-01-02 11:25:05,814",346,12601,-0.3,42,0.088554
"2022-01-02 11:25:11,308",347,12615,-0.3,42,0.088546
"2022-01-02 11:25:23,459",348,12647,0.6,102,0.088529
"2022-01-02 11:25:28,864",349,12661,-0.3,42,0.088521
"2022-01-02 11:25:34,364",350,12675,-0.3,42,0.088513
"2022-01-02 11:25:41,779",351,12693,-0.1,61,0.088504
"2022-01-02 11:25:47,301",352,12708,-0.3,42,0.088496
"2022-01-02 11:25:52,742",353,12722,-0.3,42,0.088488
"2022-01-02 11:25:58,404",354,12736,-0.3,43,0.088480
"2022-01-02 11:26:03,662",355,12750,-0.3,42,0.088472
"2022-01-02 11:26:09,415",356,12764,-0.3,42,0.088464
"2022-01-02 11:26:15,240",357,12780,-0.2,42,0.088455
"2022-01-02 11:26:20,665",358,12794,-0.3,42,0.088447
"2022-01-02 11:26:26,105",359,12808,-0.3,42,0.088439
"2022-01-02 11:26:31,610",360,12822,-0.3,42,0.088431
"2022-01-02 11:26:37,106",361,12837,-0.3,42,0.088423
"2022-01-02 11:26:42,661",362,12851,-0.3,42,0.088415
"2022-01-02 11:26:48,058",363,12863,-0.4,42,0.088408
"2022-01-02 11:26:53,407",364,12876,-0.4,42,0.088401
"2022-01-02 11:26:59,246",365,12891,-0.3,42,0.088393
"2022-01-02 11:27:06,693",366,12909,-0.1,57,0.088383
"2022-01-02 11:27:12,368",367,12923,-0.3,42,0.088375
"2022-01-02 11:27:17,854",368,12937,-0.3,42,0.088367
"2022-01-02 11:27:23,499",369,12952,-0.3,42,0.088359
"2022-01-02 11:27:28,942",370,12966,-0.3,42,0.088351
"2022-01-02 11:27:34,754",371,12980,-0.3,42,0.088343
"2022-01-02 11:27:40,198",372,12994,-0.3,42,0.088335
"2022-01-02 11:27:45,691",373,13008,-0.3,43,0.088327
"2022-01-02 11:27:51,530",374,13024,-0.2,42,0.088318
"2022-01-02 11:27:57,369",375,13038,-0.3,42,0.088310
"2022-01-02 11:28:02,742",376,13052,-0.3,42,0.088302
"2022-01-02 11:28:08,254",377,13066,-0.3,42,0.088294
"2022-01-02 11:28:14,096",378,13080,-0.3,42,0.088286
"2022-01-02 11:28:19,437",379,13095,-0.3,42,0.088278
"2022-01-02 11:28:24,737",380,13109,-0.3,42,0.088270
"2022-01-02 11:28:31,287",381,13127,-0.1,51,0.088260
"2022-01-02 11:28:36,559",382,13141,-0.3,42,0.088252
"2022-01-02 11:28:41,885",383,13155,-0.3,42,0.088244
"2022-01-02 11:28:47,291",384,13169,-0.3,42,0.088236
"2022-01-02 11:28:52,675",385,13183,-0.3,42,0.088228
"2022-01-02 11:28:58,151",386,13197,-0.3,42,0.088220
"2022-01-02 11:29:03,690",387,13211,-0.3,42,0.088212
"2022-01-02 11:29:09,477",388,13227,-0.2,42,0.088203
"2022-01-02 11:29:15,329",389,13243,-0.2,42,0.088194
"2022-01-02 11:29:20,608",390,13257,-0.3,42,0.088186
"2022-01-02 11:29:25,969",391,13271,-0.3,42,0.088178
"2022-01-02 11:29:31,314",392,13285,-0.3,42,0.088170
"2022-01-02 11:29:36,767",393,13299,-0.3,42,0.088162
"2022-01-02 11:29:42,119",394,13313,-0.3,42,0.088154
"2022-01-02 11:29:47,492",395,13328,-0.3,42,0.088146
"2022-01-02 11:29:52,883",396,13342,-0.3,42,0.088138
"2022-01-02 11:29:58,130",397,13356,-0.3,42,0.088130
"2022-01-02 11:30:04,400",398,13372,-0.2,49,0.088121
"2022-01-02 11:30:10,205",399,13388,-0.2,42,0.088112
"2022-01-02 11:30:15,689",400,13402,-0.3,43,0.088104
"2022-01-02 11:30:21,659",401,13416,-0.3,42,0.088096
"2022-01-02 11:30:27,107",402,13430,-0.3,42,0.088088
"2022-01-02 11:30:32,502",403,13444,-0.3,42,0.088080
"2022-01-02 11:30:38,074",404,13456,-0.4,42,0.088073
"2022-01-02 11:30:44,664",405,13472,-0.2,52,0.088064
"2022-01-02 11:30:50,175",406,13486,-0.3,42,0.088056
"2022-01-02 11:30:55,597",407,13500,-0.3,42,0.088048
"2022-01-02 11:31:01,020",408,13514,-0.3,42,0.088040
"2022-01-02 11:31:06,353",409,13528,-0.3,42,0.088032
"2022-01-02 11:31:14,224",410,13548,-0.0,60,0.088021
"2022-01-02 11:31:20,406",411,13565,-0.2,49,0.088012
"2022-01-02 11:31:25,641",412,13579,-0.3,42,0.088004
"2022-01-02 11:31:31,288",413,13593,-0.3,43,0.087996
"2022-01-02 11:31:36,827",414,13607,-0.3,43,0.087988
"2022-01-02 11:31:42,372",415,13621,-0.3,42,0.087980
"2022-01-02 11:31:47,867",416,13635,-0.3,43,0.087972
"2022-01-02 11:31:53,506",417,13649,-0.3,42,0.087964
"2022-01-02 11:31:58,919",418,13663,-0.3,42,0.087956
"2022-01-02 11:32:06,176",419,13683,-0.0,58,0.087945
"2022-01-02 11:32:11,492",420,13697,-0.3,42,0.087937
"2022-01-02 11:32:16,832",421,13711,-0.3,42,0.087929
"2022-01-02 11:32:22,101",422,13725,-0.3,42,0.087921
"2022-01-02 11:32:27,376",423,13739,-0.3,42,0.087913
"2022-01-02 11:32:33,852",424,13757,-0.1,52,0.087903
"2022-01-02 11:32:39,341",425,13771,-0.3,43,0.087895
"2022-01-02 11:32:44,847",426,13785,-0.3,43,0.087887
"2022-01-02 11:32:50,222",427,13799,-0.3,42,0.087879
"2022-01-02 11:32:56,425",428,13816,-0.2,49,0.087870
"2022-01-02 11:33:02,746",429,13832,-0.2,51,0.087861
"2022-01-02 11:33:09,712",430,13850,-0.1,55,0.087851
"2022-01-02 11:33:15,135",431,13862,-0.4,42,0.087844
"2022-01-02 11:33:21,526",432,13879,-0.2,52,0.087835
"2022-01-02 11:33:26,931",433,13893,-0.3,42,0.087827
"2022-01-02 11:33:33,037",434,13907,-0.3,42,0.087819
"2022-01-02 11:33:39,055",435,13921,-0.3,42,0.087811
"2022-01-02 11:33:45,426",436,13937,-0.2,51,0.087802
"2022-01-02 11:33:50,752",437,13951,-0.3,42,0.087794
"2022-01-02 11:33:56,007",438,13965,-0.3,42,0.087786
"2022-01-02 11:34:01,287",439,13979,-0.3,42,0.087778
"2022-01-02 11:34:06,597",440,13993,-0.3,42,0.087770
"2022-01-02 11:34:11,950",441,14007,-0.3,42,0.087762
"2022-01-02 11:34:17,403",442,14021,-0.3,42,0.087754
"2022-01-02 11:34:25,755",443,14043,0.1,67,0.087742
"2022-01-02 11:34:31,169",444,14057,-0.3,42,0.087734
"2022-01-02 11:34:37,149",445,14071,-0.3,43,0.087726
"2022-01-02 11:34:43,069",446,14087,-0.2,42,0.087717
"2022-01-02 11:34:48,950",447,14101,-0.3,42,0.087709
"2022-01-02 11:34:55,457",448,14117,-0.2,51,0.087700
"2022-01-02 11:35:01,048",449,14131,-0.3,43,0.087692
"2022-01-02 11:35:06,528",450,14145,-0.3,43,0.087684
"2022-01-02 11:35:12,002",451,14159,-0.3,42,0.087676
"2022-01-02 11:35:18,302",452,14175,-0.2,50,0.087667
"2022-01-02 11:35:23,788",453,14189,-0.3,43,0.087659
"2022-01-02 11:35:30,102",454,14205,-0.2,50,0.087650
"2022-01-02 11:35:39,321",455,14229,0.2,75,0.087637
"2022-01-02 11:35:45,752",456,14245,-0.2,50,0.087628
"2022-01-02 11:35:51,198",457,14259,-0.3,42,0.087620
"2022-01-02 11:35:56,604",458,14273,-0.3,42,0.087612
"2022-01-02 11:36:03,309",459,14289,-0.2,52,0.087603
"2022-01-02 11:36:10,443",460,14309,-0.0,58,0.087592
"2022-01-02 11:36:16,198",461,14326,-0.2,42,0.087583
"2022-01-02 11:36:21,682",462,14340,-0.3,42,0.087575
"2022-01-02 11:36:28,299",463,14358,-0.1,54,0.087565
"2022-01-02 11:36:33,739",464,14372,-0.3,42,0.087557
"2022-01-02 11:36:39,230",465,14387,-0.3,42,0.087549
"2022-01-02 11:36:44,477",466,14401,-0.3,42,0.087541
"2022-01-02 11:36:49,943",467,14415,-0.3,42,0.087533
"2022-01-02 11:36:55,353",468,14429,-0.3,42,0.087525
"2022-01-02 11:37:00,743",469,14443,-0.3,42,0.087517
"2022-01-02 11:37:06,308",470,14457,-0.3,43,0.087510
"2022-01-02 11:37:11,847",471,14471,-0.3,43,0.087502
"2022-01-02 11:37:17,475",472,14485,-0.3,43,0.087494
"2022-01-02 11:37:23,026",473,14499,-0.3,42,0.087486
"2022-01-02 11:37:28,647",474,14511,-0.4,43,0.087479
"2022-01-02 11:37:34,591",475,14527,-0.2,42,0.087470
"2022-01-02 11:37:40,104",476,14541,-0.3,43,0.087462
"2022-01-02 11:37:45,352",477,14555,-0.3,42,0.087454
"2022-01-02 11:37:51,033",478,14571,-0.2,42,0.087445
"2022-01-02 11:37:57,524",479,14589,-0.1,52,0.087435
"2022-01-02 11:38:05,870",480,14613,0.2,65,0.087422
"2022-01-02 11:38:11,521",481,14629,-0.2,42,0.087413
"2022-01-02 11:38:18,610",482,14649,-0.0,54,0.087402
"2022-01-02 11:38:25,073",483,14668,-0.1,52,0.087392
"2022-01-02 11:38:31,509",484,14686,-0.1,52,0.087382
"2022-01-02 11:38:37,004",485,14700,-0.3,42,0.087374
"2022-01-02 11:38:42,384",486,14714,-0.3,42,0.087366
"2022-01-02 11:38:48,265",487,14728,-0.3,43,0.087358
"2022-01-02 11:38:54,710",488,14746,-0.1,52,0.087348
"2022-01-02 11:39:00,464",489,14762,-0.2,42,0.087339
"2022-01-02 11:39:06,909",490,14780,-0.1,48,0.087329
"2022-01-02 11:39:12,650",491,14796,-0.2,42,0.087320
"2022-01-02 11:39:20,413",492,14818,0.1,64,0.087308
"2022-01-02 11:39:26,956",493,14836,-0.1,49,0.087298
"2022-01-02 11:39:34,691",494,14858,0.1,63,0.087286
"2022-01-02 11:39:40,259",495,14872,-0.3,43,0.087278
"2022-01-02 11:39:45,797",496,14886,-0.3,43,0.087270
"2022-01-02 11:39:52,276",497,14902,-0.2,53,0.087261
"2022-01-02 11:39:57,964",498,14916,-0.3,42,0.087253
"2022-01-02 11:40:03,529",499,14930,-0.3,43,0.087245
"2022-01-02 11:40:08,935",500,14944,-0.3,42,0.087237
"2022-01-02 11:40:14,673",501,14958,-0.3,42,0.087229
"2022-01-02 11:40:19,971",502,14972,-0.3,42,0.087221
"2022-01-02 11:40:25,356",503,14986,-0.3,42,0.087213
"2022-01-02 11:40:30,986",504,15000,-0.3,43,0.087205
"2022-01-02 11:40:36,871",505,15016,-0.2,42,0.087196
"2022-01-02 11:40:42,179",506,15030,-0.3,42,0.087188
"2022-01-02 11:40:48,837",507,15048,-0.1,53,0.087178
"2022-01-02 11:40:54,248",508,15062,-0.3,42,0.087170
"2022-01-02 11:40:59,756",509,15076,-0.3,43,0.087162
"2022-01-02 11:41:05,496",510,15090,-0.3,42,0.087154
"2022-01-02 11:41:11,389",511,15106,-0.2,42,0.087145
"2022-01-02 11:41:16,651",512,15120,-0.3,42,0.087137
"2022-01-02 11:41:22,064",513,15134,-0.3,42,0.087129
"2022-01-02 11:41:27,410",514,15148,-0.3,42,0.087121
"2022-01-02 11:41:32,787",515,15162,-0.3,42,0.087113
"2022-01-02 11:41:38,532",516,15176,-0.3,42,0.087105
"2022-01-02 11:41:44,173",517,15192,-0.2,42,0.087096
"2022-01-02 11:41:49,484",518,15206,-0.3,42,0.087088
"2022-01-02 11:41:55,386",519,15222,-0.2,42,0.087079
"2022-01-02 11:42:00,782",520,15236,-0.3,42,0.087071
"2022-01-02 11:42:06,405",521,15250,-0.3,43,0.087063
"2022-01-02 11:42:11,827",522,15264,-0.3,42,0.087055
"2022-01-02 11:42:17,231",523,15278,-0.3,42,0.087047
"2022-01-02 11:42:24,341",524,15298,-0.0,58,0.087036
"2022-01-02 11:42:30,744",525,15316,-0.1,50,0.087026
"2022-01-02 11:42:37,331",526,15335,-0.1,49,0.087016
"2022-01-02 11:42:43,792",527,15351,-0.2,49,0.087007
"2022-01-02 11:42:49,486",528,15365,-0.3,43,0.086999
"2022-01-02 11:42:54,864",529,15379,-0.3,42,0.086991
"2022-01-02 11:43:01,384",530,15395,-0.2,52,0.086982
"2022-01-02 11:43:07,113",531,15411,-0.2,42,0.086973
"2022-01-02 11:43:12,514",532,15425,-0.3,42,0.086965
"2022-01-02 11:43:17,937",533,15439,-0.3,42,0.086957
"2022-01-02 11:43:23,412",534,15453,-0.3,42,0.086949
"2022-01-02 11:43:28,921",535,15468,-0.3,42,0.086941
"2022-01-02 11:43:34,514",536,15480,-0.4,42,0.086934
"2022-01-02 11:43:40,334",537,15492,-0.4,43,0.086927
"2022-01-02 11:43:47,135",538,15506,-0.3,52,0.086919
"2022-01-02 11:43:52,633",539,15518,-0.4,42,0.086912
"2022-01-02 11:43:58,068",540,15532,-0.3,42,0.086904
"2022-01-02 11:44:03,600",541,15544,-0.4,42,0.086897
"2022-01-02 11:44:09,738",542,15558,-0.3,42,0.086889
"2022-01-02 11:44:15,402",543,15570,-0.4,42,0.086882
"2022-01-02 11:44:20,934",544,15582,-0.4,42,0.086875
"2022-01-02 11:44:26,421",545,15594,-0.4,42,0.086868
"2022-01-02 11:44:32,587",546,15606,-0.4,42,0.086861
"2022-01-02 11:44:38,580",547,15620,-0.3,42,0.086853
"2022-01-02 11:44:45,980",548,15638,-0.1,60,0.086843
"2022-01-02 11:44:51,891",549,15652,-0.3,42,0.086835
"2022-01-02 11:44:58,714",550,15670,-0.2,52,0.086826
"2022-01-02 11:45:04,447",551,15682,-0.4,42,0.086819
"2022-01-02 11:45:09,913",552,15694,-0.4,42,0.086812
"2022-01-02 11:45:15,307",553,15706,-0.4,42,0.086805
"2022-01-02 11:45:20,833",554,15716,-0.5,42,0.086799
"2022-01-02 11:45:26,605",555,15728,-0.4,42,0.086792
"2022-01-02 11:45:32,072",556,15740,-0.4,42,0.086785
"2022-01-02 11:45:37,733",557,15752,-0.4,42,0.086778
"2022-01-02 11:45:43,505",558,15762,-0.5,42,0.086772
"2022-01-02 11:45:50,421",559,15776,-0.3,55,0.086764
"2022-01-02 11:45:56,123",560,15788,-0.4,42,0.086757
"2022-01-02 11:46:01,984",561,15798,-0.5,42,0.086751
"2022-01-02 11:46:07,795",562,15810,-0.4,43,0.086744
"2022-01-02 11:46:13,853",563,15820,-0.5,42,0.086738
"2022-01-02 11:46:19,595",564,15830,-0.5,42,0.086732
"2022-01-02 11:46:27,802",565,15848,-0.1,65,0.086722
"2022-01-02 11:46:33,171",566,15860,-0.4,42,0.086715
"2022-01-02 11:46:40,074",567,15874,-0.3,55,0.086707
"2022-01-02 11:46:45,648",568,15886,-0.4,42,0.086700
"2022-01-02 11:46:54,383",569,15904,-0.1,69,0.086690
"2022-01-02 11:47:00,488",570,15919,-0.3,42,0.086682
"2022-01-02 11:47:06,096",571,15931,-0.4,42,0.086675
"2022-01-02 11:47:14,206",572,15951,-0.0,67,0.086664
"2022-01-02 11:47:19,714",573,15965,-0.3,42,0.086656
"2022-01-02 11:47:26,567",574,15981,-0.2,53,0.086647
"2022-01-02 11:47:32,094",575,15993,-0.4,42,0.086640
"2022-01-02 11:47:38,251",576,16007,-0.3,42,0.086632
"2022-01-02 11:47:44,005",577,16021,-0.3,42,0.086624
"2022-01-02 11:47:54,881",578,16047,0.3,42,0.086610
"2022-01-02 11:48:00,315",579,16061,-0.3,42,0.086602
"2022-01-02 11:48:06,045",580,16073,-0.4,42,0.086595
"2022-01-02 11:48:11,654",581,16083,-0.5,42,0.086589
"2022-01-02 11:48:17,286",582,16093,-0.5,42,0.086583
"2022-01-02 11:48:24,038",583,16107,-0.3,54,0.086575
"2022-01-02 11:48:29,580",584,16121,-0.3,42,0.086567
"2022-01-02 11:48:38,642",585,16145,0.2,75,0.086554
"2022-01-02 11:48:44,336",586,16161,-0.2,42,0.086545
"2022-01-02 11:48:51,478",587,16181,-0.0,58,0.086534
"2022-01-02 11:48:56,754",588,16195,-0.3,42,0.086526
"2022-01-02 11:49:02,040",589,16209,-0.3,42,0.086518
"2022-01-02 11:49:08,472",590,16227,-0.1,52,0.086509
"2022-01-02 11:49:14,373",591,16243,-0.2,42,0.086500
"2022-01-02 11:49:20,026",592,16257,-0.3,42,0.086492
"2022-01-02 11:49:25,916",593,16273,-0.2,42,0.086483
"2022-01-02 11:49:31,635",594,16289,-0.2,42,0.086474
"2022-01-02 11:49:39,509",595,16311,0.1,65,0.086462
"2022-01-02 11:49:45,288",596,16327,-0.2,42,0.086453
"2022-01-02 11:49:50,694",597,16341,-0.3,42,0.086445
"2022-01-02 11:49:56,503",598,16357,-0.2,42,0.086436
"2022-01-02 11:50:02,300",599,16373,-0.2,42,0.086427
"2022-01-02 11:50:08,173",600,16389,-0.2,42,0.086418
"2022-01-02 11:50:14,664",601,16407,-0.1,52,0.086408
"2022-01-02 11:50:20,454",602,16423,-0.2,42,0.086399
"2022-01-02 11:50:26,904",603,16441,-0.1,51,0.086389
"2022-01-02 11:50:32,173",604,16455,-0.3,42,0.086381
"2022-01-02 11:50:37,693",605,16469,-0.3,43,0.086373
"2022-01-02 11:50:43,382",606,16483,-0.3,42,0.086365
"2022-01-02 11:50:49,070",607,16499,-0.2,42,0.086356
"2022-01-02 11:50:54,690",608,16515,-0.2,42,0.086347
"2022-01-02 11:51:01,040",609,16533,-0.1,51,0.086337
"2022-01-02 11:51:07,471",610,16551,-0.1,52,0.086327
"2022-01-02 11:51:13,807",611,16569,-0.1,51,0.086317
"2022-01-02 11:51:19,531",612,16585,-0.2,42,0.086308
"2022-01-02 11:51:26,176",613,16601,-0.2,52,0.086299
"2022-01-02 11:51:31,977",614,16617,-0.2,42,0.086290
"2022-01-02 11:51:37,769",615,16633,-0.2,42,0.086281
"2022-01-02 11:51:43,429",616,16649,-0.2,42,0.086272
"2022-01-02 11:51:48,705",617,16664,-0.3,42,0.086264
"2022-01-02 11:51:54,560",618,16680,-0.2,42,0.086255
"2022-01-02 11:52:00,323",619,16696,-0.2,42,0.086246
"2022-01-02 11:52:08,961",620,16720,0.2,69,0.086233
"2022-01-02 11:52:14,559",621,16736,-0.2,42,0.086224
"2022-01-02 11:52:19,906",622,16750,-0.3,42,0.086216
"2022-01-02 11:52:25,196",623,16764,-0.3,42,0.086208
"2022-01-02 11:52:32,993",624,16784,-0.0,64,0.086197
"2022-01-02 11:52:38,621",625,16796,-0.4,42,0.086190
"2022-01-02 11:52:44,433",626,16810,-0.3,42,0.086182
"2022-01-02 11:52:49,772",627,16824,-0.3,42,0.086174
"2022-01-02 11:52:56,756",628,16842,-0.1,57,0.086164
"2022-01-02 11:53:02,363",629,16856,-0.3,43,0.086156
"2022-01-02 11:53:07,680",630,16870,-0.3,42,0.086148
"2022-01-02 11:53:13,064",631,16884,-0.3,42,0.086140
"2022-01-02 11:53:18,620",632,16898,-0.3,43,0.086132
"2022-01-02 11:53:23,986",633,16912,-0.3,42,0.086124
"2022-01-02 11:53:29,727",634,16926,-0.3,42,0.086116
"2022-01-02 11:53:35,312",635,16940,-0.3,42,0.086108
"2022-01-02 11:53:40,743",636,16955,-0.3,42,0.086100
"2022-01-02 11:53:46,306",637,16969,-0.3,42,0.086092
"2022-01-02 11:53:51,842",638,16983,-0.3,42,0.086084
"2022-01-02 11:53:57,673",639,16997,-0.3,42,0.086076
"2022-01-02 11:54:04,750",640,17017,-0.0,58,0.086065
"2022-01-02 11:54:10,268",641,17032,-0.3,43,0.086057
"2022-01-02 11:54:15,865",642,17047,-0.3,42,0.086049
"2022-01-02 11:54:22,291",643,17063,-0.2,52,0.086040
"2022-01-02 11:54:27,682",644,17077,-0.3,42,0.086032
"2022-01-02 11:54:33,576",645,17093,-0.2,42,0.086023
"2022-01-02 11:54:38,921",646,17107,-0.3,42,0.086015
"2022-01-02 11:54:46,360",647,17125,-0.1,59,0.086005
"2022-01-02 11:54:51,867",648,17139,-0.3,43,0.085997
"2022-01-02 11:54:57,633",649,17153,-0.3,42,0.085989
"2022-01-02 11:55:03,153",650,17169,-0.2,42,0.085980
"2022-01-02 11:55:08,823",651,17185,-0.2,42,0.085971
"2022-01-02 11:55:14,170",652,17199,-0.3,42,0.085963
"2022-01-02 11:55:19,536",653,17213,-0.3,42,0.085955
"2022-01-02 11:55:25,431",654,17229,-0.2,42,0.085946
"2022-01-02 11:55:30,883",655,17243,-0.3,42,0.085938
"2022-01-02 11:55:36,303",656,17257,-0.3,42,0.085930
"2022-01-02 11:55:41,721",657,17272,-0.3,42,0.085922
"2022-01-02 11:55:47,538",658,17288,-0.2,42,0.085913
"2022-01-02 11:55:52,823",659,17302,-0.3,42,0.085905
"2022-01-02 11:55:58,171",660,17316,-0.3,42,0.085897
"2022-01-02 11:56:04,960",661,17334,-0.1,52,0.085887
"2022-01-02 11:56:10,642",662,17348,-0.3,43,0.085879
"2022-01-02 11:56:16,528",663,17362,-0.3,42,0.085871
"2022-01-02 11:56:21,843",664,17374,-0.4,42,0.085864
"2022-01-02 11:56:27,114",665,17388,-0.3,42,0.085856
"2022-01-02 11:56:33,351",666,17406,-0.1,50,0.085846
"2022-01-02 11:56:39,095",667,17422,-0.2,42,0.085837
"2022-01-02 11:56:44,296",668,17436,-0.3,42,0.085829
"2022-01-02 11:56:52,061",669,17458,0.1,64,0.085817
"2022-01-02 11:56:59,807",670,17480,0.1,63,0.085805
"2022-01-02 11:57:05,127",671,17494,-0.3,42,0.085797
"2022-01-02 11:57:10,939",672,17511,-0.2,42,0.085788
"2022-01-02 11:57:16,227",673,17526,-0.3,42,0.085780
"2022-01-02 11:57:22,708",674,17544,-0.1,52,0.085770
"2022-01-02 11:57:28,631",675,17558,-0.3,42,0.085762
"2022-01-02 11:57:34,632",676,17572,-0.3,42,0.085754
"2022-01-02 11:57:40,196",677,17587,-0.3,43,0.085746
"2022-01-02 11:57:46,464",678,17603,-0.2,50,0.085737
"2022-01-02 11:57:53,782",679,17623,-0.0,58,0.085726
"2022-01-02 11:58:03,480",680,17647,0.2,80,0.085713
"2022-01-02 11:58:10,141",681,17663,-0.2,53,0.085704
"2022-01-02 11:58:15,551",682,17677,-0.3,42,0.085696
"2022-01-02 11:58:21,095",683,17691,-0.3,43,0.085688
"2022-01-02 11:58:26,442",684,17705,-0.3,42,0.085680
"2022-01-02 11:58:32,032",685,17719,-0.3,43,0.085672
"2022-01-02 11:58:40,460",686,17743,0.2,70,0.085659
"2022-01-02 11:58:45,735",687,17757,-0.3,42,0.085651
"2022-01-02 11:58:51,484",688,17773,-0.2,42,0.085642
"2022-01-02 11:58:56,819",689,17787,-0.3,42,0.085634
"2022-01-02 11:59:02,193",690,17801,-0.3,42,0.085626
"2022-01-02 11:59:09,163",691,17817,-0.2,52,0.085617
"2022-01-02 11:59:15,745",692,17835,-0.1,52,0.085607
"2022-01-02 11:59:21,497",693,17851,-0.2,42,0.085598
"2022-01-02 11:59:27,120",694,17867,-0.2,42,0.085589
"2022-01-02 11:59:33,505",695,17886,-0.1,52,0.085579
"2022-01-02 11:59:40,763",696,17904,-0.1,57,0.085569
"2022-01-02 11:59:48,123",697,17922,-0.1,54,0.085559
"2022-01-02 11:59:53,677",698,17936,-0.3,42,0.085551
"2022-01-02 11:59:59,668",699,17950,-0.3,43,0.085543
"2022-01-02 12:00:05,491",700,17961,-0.5,42,0.085537
"2022-01-02 12:00:10,887",701,17973,-0.4,42,0.085530
"2022-01-02 12:00:16,793",702,17987,-0.3,42,0.085522
"2022-01-02 12:00:22,516",703,18001,-0.3,43,0.085514
"2022-01-02 12:00:27,800",704,18015,-0.3,42,0.085507
"2022-01-02 12:00:35,018",705,18035,-0.0,58,0.085496
"2022-01-02 12:00:40,599",706,18049,-0.3,43,0.085488
"2022-01-02 12:00:45,839",707,18063,-0.3,42,0.085480
"2022-01-02 12:00:51,621",708,18080,-0.2,42,0.085471
"2022-01-02 12:00:56,904",709,18094,-0.3,42,0.085463
"2022-01-02 12:01:03,379",710,18112,-0.1,52,0.085453
"2022-01-02 12:01:09,154",711,18128,-0.2,42,0.085444
"2022-01-02 12:01:14,980",712,18144,-0.2,42,0.085435
"2022-01-02 12:01:22,223",713,18164,-0.0,56,0.085424
"2022-01-02 12:01:27,482",714,18178,-0.3,42,0.085416
"2022-01-02 12:01:32,750",715,18192,-0.3,42,0.085408
"2022-01-02 12:01:38,232",716,18206,-0.3,42,0.085400
"2022-01-02 12:01:43,666",717,18220,-0.3,42,0.085392
"2022-01-02 12:01:49,253",718,18234,-0.3,42,0.085384
"2022-01-02 12:01:54,581",719,18248,-0.3,42,0.085376
"2022-01-02 12:01:59,847",720,18262,-0.3,42,0.085368
"2022-01-02 12:02:06,122",721,18278,-0.2,49,0.085359
"2022-01-02 12:02:13,803",722,18300,0.1,62,0.085347
"2022-01-02 12:02:22,802",723,18326,0.3,72,0.085333
"2022-01-02 12:02:29,837",724,18346,-0.0,57,0.085322
"2022-01-02 12:02:35,117",725,18360,-0.3,42,0.085314
"2022-01-02 12:02:41,017",726,18376,-0.2,42,0.085305
"2022-01-02 12:02:49,313",727,18398,0.1,68,0.085293
"2022-01-02 12:02:54,647",728,18412,-0.3,42,0.085285
"2022-01-02 12:03:00,597",729,18426,-0.3,42,0.085277
"2022-01-02 12:03:09,829",730,18448,0.1,74,0.085265
"2022-01-02 12:03:15,552",731,18462,-0.3,42,0.085257
"2022-01-02 12:03:21,576",732,18477,-0.3,42,0.085249
"2022-01-02 12:03:27,073",733,18491,-0.3,42,0.085241
"2022-01-02 12:03:34,744",734,18511,-0.0,63,0.085230
"2022-01-02 12:03:41,243",735,18529,-0.1,52,0.085220
"2022-01-02 12:03:46,658",736,18543,-0.3,42,0.085212
"2022-01-02 12:03:52,491",737,18559,-0.2,42,0.085203
"2022-01-02 12:03:58,072",738,18573,-0.3,42,0.085195
"2022-01-02 12:04:05,213",739,18589,-0.2,58,0.085186
"2022-01-02 12:04:10,858",740,18601,-0.4,42,0.085179
"2022-01-02 12:04:16,667",741,18613,-0.4,42,0.085172
"2022-01-02 12:04:22,078",742,18625,-0.4,42,0.085165
"2022-01-02 12:04:29,799",743,18643,-0.1,60,0.085155
"2022-01-02 12:04:35,252",744,18655,-0.4,42,0.085148
"2022-01-02 12:04:42,066",745,18672,-0.2,48,0.085139
"2022-01-02 12:04:47,753",746,18684,-0.4,42,0.085132
"2022-01-02 12:04:53,172",747,18697,-0.4,42,0.085125
"2022-01-02 12:04:58,639",748,18709,-0.4,42,0.085118
"2022-01-02 12:05:05,193",749,18723,-0.3,52,0.085110
"2022-01-02 12:05:10,711",750,18735,-0.4,42,0.085103
"2022-01-02 12:05:16,402",751,18747,-0.4,42,0.085096
"2022-01-02 12:05:23,183",752,18763,-0.2,53,0.085087
"2022-01-02 12:05:31,642",753,18783,-0.0,67,0.085076
"2022-01-02 12:05:37,089",754,18796,-0.4,42,0.085069
"2022-01-02 12:05:42,528",755,18808,-0.4,42,0.085062
"2022-01-02 12:05:49,392",756,18824,-0.2,52,0.085053
"2022-01-02 12:05:54,803",757,18836,-0.4,42,0.085046
"2022-01-02 12:06:00,827",758,18850,-0.3,42,0.085038
"2022-01-02 12:06:06,421",759,18862,-0.4,42,0.085031
"2022-01-02 12:06:12,132",760,18874,-0.4,42,0.085024
"2022-01-02 12:06:17,786",761,18886,-0.4,42,0.085017
"2022-01-02 12:06:23,504",762,18898,-0.4,42,0.085010
"2022-01-02 12:06:33,377",763,18922,0.2,82,0.084997
"2022-01-02 12:06:41,191",764,18940,-0.1,64,0.084987
"2022-01-02 12:06:46,896",765,18955,-0.3,43,0.084979
"2022-01-02 12:06:55,082",766,18975,-0.0,67,0.084968
"2022-01-02 12:07:02,562",767,18993,-0.1,58,0.084958
"2022-01-02 12:07:08,570",768,19007,-0.3,42,0.084950
"2022-01-02 12:07:15,306",769,19023,-0.2,51,0.084941
"2022-01-02 12:07:20,691",770,19035,-0.4,42,0.084934
"2022-01-02 12:07:27,493",771,19051,-0.2,54,0.084925
"2022-01-02 12:07:33,018",772,19063,-0.4,42,0.084918
"2022-01-02 12:07:41,301",773,19083,-0.0,68,0.084907
"2022-01-02 12:07:47,984",774,19099,-0.2,53,0.084898
"2022-01-02 12:07:54,633",775,19115,-0.2,52,0.084889
"2022-01-02 12:08:01,371",776,19131,-0.2,52,0.084880
"2022-01-02 12:08:07,913",777,19147,-0.2,51,0.084871
"2022-01-02 12:08:17,195",778,19169,0.1,75,0.084859
"2022-01-02 12:08:23,971",779,19185,-0.2,54,0.084850
"2022-01-02 12:08:29,811",780,19197,-0.4,42,0.084843
"2022-01-02 12:08:35,569",781,19209,-0.4,42,0.084836
"2022-01-02 12:08:40,983",782,19221,-0.4,42,0.084829
"2022-01-02 12:08:46,928",783,19235,-0.3,42,0.084821
"2022-01-02 12:08:56,002",784,19257,0.1,74,0.084809
"2022-01-02 12:09:01,973",785,19271,-0.3,42,0.084801
"2022-01-02 12:09:09,304",786,19289,-0.1,58,0.084791
"2022-01-02 12:09:14,790",787,19301,-0.4,42,0.084784
"2022-01-02 12:09:20,832",788,19315,-0.3,42,0.084776
"2022-01-02 12:09:29,121",789,19335,-0.0,66,0.084765
"2022-01-02 12:09:34,573",790,19347,-0.4,42,0.084758
"2022-01-02 12:09:40,044",791,19359,-0.4,42,0.084751
"2022-01-02 12:09:45,737",792,19371,-0.4,42,0.084744
"2022-01-02 12:09:51,417",793,19383,-0.4,42,0.084737
"2022-01-02 12:09:57,092",794,19395,-0.4,42,0.084730
"2022-01-02 12:10:03,736",795,19411,-0.2,52,0.084721
"2022-01-02 12:10:09,236",796,19423,-0.4,42,0.084714
"2022-01-02 12:10:14,840",797,19435,-0.4,42,0.084707
"2022-01-02 12:10:20,353",798,19447,-0.4,42,0.084700
"2022-01-02 12:10:28,155",799,19463,-0.2,62,0.084691
"2022-01-02 12:10:40,557",800,19495,0.6,56,0.084674
"2022-01-02 12:10:47,279",801,19511,-0.2,51,0.084665
"2022-01-02 12:10:52,861",802,19521,-0.5,42,0.084659
"2022-01-02 12:10:58,358",803,19533,-0.4,42,0.084652
"2022-01-02 12:11:03,980",804,19547,-0.3,43,0.084644
"2022-01-02 12:11:09,266",805,19561,-0.3,42,0.084636
"2022-01-02 12:11:15,136",806,19577,-0.2,42,0.084627
"2022-01-02 12:11:21,260",807,19591,-0.3,48,0.084619
"2022-01-02 12:11:28,214",808,19607,-0.2,51,0.084610
"2022-01-02 12:11:35,930",809,19627,-0.0,63,0.084599
"2022-01-02 12:11:41,300",810,19641,-0.3,42,0.084591
"2022-01-02 12:11:46,720",811,19655,-0.3,42,0.084583
"2022-01-02 12:11:51,986",812,19669,-0.3,42,0.084575
"2022-01-02 12:11:57,273",813,19683,-0.3,42,0.084567
"2022-01-02 12:12:05,122",814,19705,0.1,64,0.084555
"2022-01-02 12:12:11,684",815,19723,-0.1,52,0.084545
"2022-01-02 12:12:18,207",816,19741,-0.1,52,0.084535
"2022-01-02 12:12:25,362",817,19761,-0.0,58,0.084524
"2022-01-02 12:12:30,736",818,19775,-0.3,42,0.084516
"2022-01-02 12:12:37,292",819,19793,-0.1,52,0.084507
"2022-01-02 12:12:42,616",820,19807,-0.3,42,0.084499
"2022-01-02 12:12:47,987",821,19821,-0.3,42,0.084491
"2022-01-02 12:12:53,414",822,19833,-0.4,42,0.084484
"2022-01-02 12:12:58,793",823,19847,-0.3,42,0.084476
"2022-01-02 12:13:04,264",824,19861,-0.3,42,0.084468
"2022-01-02 12:13:09,637",825,19873,-0.4,42,0.084461
"2022-01-02 12:13:15,255",826,19887,-0.3,42,0.084453
"2022-01-02 12:13:21,178",827,19903,-0.2,42,0.084444
"2022-01-02 12:13:26,809",828,19917,-0.3,42,0.084436
"2022-01-02 12:13:32,258",829,19931,-0.3,42,0.084428
"2022-01-02 12:13:38,714",830,19947,-0.2,51,0.084419
"2022-01-02 12:13:46,646",831,19969,0.1,65,0.084407
"2022-01-02 12:13:52,160",832,19983,-0.3,43,0.084399
"2022-01-02 12:13:58,032",833,19999,-0.2,42,0.084390
"2022-01-02 12:14:03,315",834,20013,-0.3,42,0.084382
"2022-01-02 12:14:11,207",835,20035,0.1,64,0.084370
"2022-01-02 12:14:16,703",836,20049,-0.3,43,0.084362
"2022-01-02 12:14:22,056",837,20061,-0.4,42,0.084355
"2022-01-02 12:14:27,932",838,20077,-0.2,42,0.084346
"2022-01-02 12:14:33,795",839,20093,-0.2,42,0.084337
"2022-01-02 12:14:39,162",840,20107,-0.3,42,0.084329
"2022-01-02 12:14:46,313",841,20127,-0.0,58,0.084318
"2022-01-02 12:14:51,589",842,20141,-0.3,42,0.084310
"2022-01-02 12:14:56,845",843,20155,-0.3,42,0.084302
"2022-01-02 12:15:05,840",844,20181,0.3,75,0.084288
"2022-01-02 12:15:11,099",845,20195,-0.3,42,0.084280
"2022-01-02 12:15:17,511",846,20213,-0.1,52,0.084270
"2022-01-02 12:15:26,605",847,20239,0.3,71,0.084256
"2022-01-02 12:15:31,916",848,20253,-0.3,42,0.084248
"2022-01-02 12:15:37,581",849,20267,-0.3,42,0.084240
"2022-01-02 12:15:43,082",850,20281,-0.3,42,0.084232
"2022-01-02 12:15:50,962",851,20301,-0.0,61,0.084221
"2022-01-02 12:15:56,230",852,20315,-0.3,42,0.084213
"2022-01-02 12:16:02,661",853,20333,-0.1,50,0.084203
"2022-01-02 12:16:08,075",854,20347,-0.3,43,0.084195
"2022-01-02 12:16:14,619",855,20365,-0.1,52,0.084185
"2022-01-02 12:16:20,344",856,20377,-0.4,42,0.084178
"2022-01-02 12:16:29,544",857,20399,0.1,75,0.084166
"2022-01-02 12:16:35,011",858,20413,-0.3,44,0.084158
"2022-01-02 12:16:40,647",859,20427,-0.3,42,0.084150
"2022-01-02 12:16:49,875",860,20451,0.2,75,0.084137
"2022-01-02 12:16:55,522",861,20465,-0.3,44,0.084129
"2022-01-02 12:17:01,854",862,20481,-0.2,52,0.084120
"2022-01-02 12:17:08,621",863,20497,-0.2,51,0.084111
"2022-01-02 12:17:15,547",864,20514,-0.2,51,0.084102
"2022-01-02 12:17:22,373",865,20530,-0.2,54,0.084093
"2022-01-02 12:17:29,030",866,20546,-0.2,52,0.084084
"2022-01-02 12:17:34,263",867,20560,-0.3,42,0.084076
"2022-01-02 12:17:39,532",868,20574,-0.3,42,0.084068
"2022-01-02 12:17:44,797",869,20589,-0.3,42,0.084060
"2022-01-02 12:17:50,113",870,20603,-0.3,42,0.084052
"2022-01-02 12:17:57,294",871,20623,-0.0,58,0.084041
"2022-01-02 12:18:03,854",872,20641,-0.1,51,0.084031
"2022-01-02 12:18:09,324",873,20655,-0.3,43,0.084023
"2022-01-02 12:18:14,785",874,20669,-0.3,43,0.084015
"2022-01-02 12:18:20,081",875,20684,-0.3,42,0.084007
"2022-01-02 12:18:29,166",876,20706,0.1,75,0.083995
"2022-01-02 12:18:34,780",877,20720,-0.3,43,0.083987
"2022-01-02 12:18:40,534",878,20732,-0.4,42,0.083980
"2022-01-02 12:18:46,212",879,20744,-0.4,42,0.083973
"2022-01-02 12:18:52,103",880,20759,-0.3,42,0.083965
"2022-01-02 12:18:57,554",881,20773,-0.3,42,0.083957
"2022-01-02 12:19:02,842",882,20787,-0.3,42,0.083949
"2022-01-02 12:19:08,720",883,20803,-0.2,42,0.083940
"2022-01-02 12:19:14,004",884,20817,-0.3,42,0.083932
"2022-01-02 12:19:19,376",885,20831,-0.3,42,0.083924
"2022-01-02 12:19:24,830",886,20845,-0.3,42,0.083916
"2022-01-02 12:19:31,332",887,20863,-0.1,51,0.083906
"2022-01-02 12:19:36,627",888,20877,-0.3,42,0.083898
"2022-01-02 12:19:42,566",889,20893,-0.2,42,0.083889
"2022-01-02 12:19:48,314",890,20908,-0.3,42,0.083881
"2022-01-02 12:19:53,992",891,20922,-0.3,42,0.083873
"2022-01-02 12:19:59,369",892,20936,-0.3,42,0.083865
"2022-01-02 12:20:05,726",893,20952,-0.2,50,0.083856
"2022-01-02 12:20:11,204",894,20964,-0.4,42,0.083849
"2022-01-02 12:20:16,680",895,20978,-0.3,42,0.083841
"2022-01-02 12:20:23,154",896,20996,-0.1,52,0.083831
"2022-01-02 12:20:28,575",897,21010,-0.3,42,0.083823
"2022-01-02 12:20:34,016",898,21022,-0.4,42,0.083816
"2022-01-02 12:20:40,899",899,21038,-0.2,51,0.083807
"2022-01-02 12:20:50,004",900,21060,0.1,74,0.083795
"2022-01-02 12:20:56,361",901,21076,-0.2,51,0.083786
"2022-01-02 12:21:02,134",902,21092,-0.2,42,0.083777
"2022-01-02 12:21:08,609",903,21110,-0.1,51,0.083767
"2022-01-02 12:21:15,131",904,21129,-0.1,52,0.083757
"2022-01-02 12:21:22,396",905,21150,-0.0,57,0.083746
"2022-01-02 12:21:29,699",906,21170,-0.0,59,0.083735
"2022-01-02 12:21:34,999",907,21184,-0.3,42,0.083727
"2022-01-02 12:21:41,322",908,21200,-0.2,50,0.083718
"2022-01-02 12:21:47,899",909,21218,-0.1,53,0.083708
"2022-01-02 12:21:55,726",910,21241,0.1,64,0.083696
"2022-01-02 12:22:00,988",911,21255,-0.3,42,0.083688
"2022-01-02 12:22:06,320",912,21269,-0.3,42,0.083680
"2022-01-02 12:22:14,129",913,21291,0.1,64,0.083668
"2022-01-02 12:22:20,030",914,21307,-0.2,42,0.083659
"2022-01-02 12:22:25,346",915,21321,-0.3,42,0.083651
"2022-01-02 12:22:31,849",916,21339,-0.1,48,0.083641
"2022-01-02 12:22:39,039",917,21359,-0.0,58,0.083630
"2022-01-02 12:22:46,074",918,21379,-0.0,54,0.083619
"2022-01-02 12:22:51,335",919,21393,-0.3,42,0.083611
"2022-01-02 12:22:56,661",920,21407,-0.3,42,0.083603
"2022-01-02 12:23:02,342",921,21421,-0.3,42,0.083595
"2022-01-02 12:23:07,609",922,21435,-0.3,42,0.083587
"2022-01-02 12:23:12,981",923,21449,-0.3,42,0.083579
"2022-01-02 12:23:18,293",924,21463,-0.3,42,0.083571
"2022-01-02 12:23:23,595",925,21477,-0.3,42,0.083563
"2022-01-02 12:23:30,072",926,21495,-0.1,50,0.083553
"2022-01-02 12:23:35,830",927,21511,-0.2,42,0.083544
"2022-01-02 12:23:41,090",928,21525,-0.3,42,0.083536
"2022-01-02 12:23:46,390",929,21539,-0.3,42,0.083528
"2022-01-02 12:23:51,817",930,21553,-0.3,43,0.083520
"2022-01-02 12:23:58,412",931,21571,-0.1,52,0.083511
"2022-01-02 12:24:03,733",932,21585,-0.3,42,0.083503
"2022-01-02 12:24:09,012",933,21599,-0.3,42,0.083495
"2022-01-02 12:24:14,300",934,21613,-0.3,42,0.083487
"2022-01-02 12:24:19,775",935,21628,-0.3,42,0.083479
"2022-01-02 12:24:25,307",936,21642,-0.3,42,0.083471
"2022-01-02 12:24:30,766",937,21656,-0.3,42,0.083463
"2022-01-02 12:24:37,903",938,21676,-0.0,57,0.083452
"2022-01-02 12:24:43,164",939,21690,-0.3,42,0.083444
"2022-01-02 12:24:50,361",940,21710,-0.0,54,0.083433
"2022-01-02 12:24:56,263",941,21726,-0.2,42,0.083424
"2022-01-02 12:25:01,509",942,21740,-0.3,42,0.083416
"2022-01-02 12:25:07,308",943,21756,-0.2,42,0.083407
"2022-01-02 12:25:13,900",944,21774,-0.1,53,0.083397
"2022-01-02 12:25:21,122",945,21794,-0.0,59,0.083386
"2022-01-02 12:25:26,438",946,21808,-0.3,42,0.083378
"2022-01-02 12:25:32,127",947,21824,-0.2,42,0.083369
"2022-01-02 12:25:37,564",948,21838,-0.3,42,0.083361
"2022-01-02 12:25:45,487",949,21860,0.1,61,0.083349
"2022-01-02 12:25:50,911",950,21874,-0.3,42,0.083341
"2022-01-02 12:25:56,618",951,21888,-0.3,42,0.083333
"2022-01-02 12:26:01,920",952,21902,-0.3,42,0.083325
"2022-01-02 12:26:08,333",953,21920,-0.1,52,0.083315
"2022-01-02 12:26:14,807",954,21938,-0.1,52,0.083305
"2022-01-02 12:26:20,656",955,21955,-0.2,42,0.083296
"2022-01-02 12:26:27,107",956,21973,-0.1,52,0.083286
"2022-01-02 12:26:33,646",957,21991,-0.1,53,0.083276
"2022-01-02 12:26:38,995",958,22005,-0.3,42,0.083268
"2022-01-02 12:26:44,876",959,22019,-0.3,42,0.083260
"2022-01-02 12:26:50,338",960,22034,-0.3,42,0.083252
"2022-01-02 12:26:55,593",961,22048,-0.3,42,0.083244
"2022-01-02 12:27:02,663",962,22068,-0.0,56,0.083233
"2022-01-02 12:27:07,974",963,22082,-0.3,42,0.083225
"2022-01-02 12:27:13,371",964,22096,-0.3,42,0.083217
"2022-01-02 12:27:18,932",965,22110,-0.3,42,0.083209
"2022-01-02 12:27:27,911",966,22136,0.3,74,0.083195
"2022-01-02 12:27:35,027",967,22156,-0.0,56,0.083184
"2022-01-02 12:27:42,103",968,22176,-0.0,54,0.083173
"2022-01-02 12:27:49,152",969,22196,-0.0,53,0.083162
"2022-01-02 12:27:54,514",970,22210,-0.3,42,0.083154
"2022-01-02 12:28:03,723",971,22236,0.3,77,0.083140
"2022-01-02 12:28:10,782",972,22256,-0.0,56,0.083129
"2022-01-02 12:28:17,909",973,22276,-0.0,56,0.083118
"2022-01-02 12:28:24,411",974,22294,-0.1,50,0.083108
"2022-01-02 12:28:31,636",975,22314,-0.0,59,0.083097
"2022-01-02 12:28:37,072",976,22328,-0.3,42,0.083089
"2022-01-02 12:28:44,657",977,22348,-0.0,62,0.083078
"2022-01-02 12:28:53,731",978,22374,0.3,75,0.083064
"2022-01-02 12:29:00,176",979,22392,-0.1,52,0.083054
"2022-01-02 12:29:06,636",980,22410,-0.1,50,0.083044
"2022-01-02 12:29:13,058",981,22428,-0.1,52,0.083034
"2022-01-02 12:29:19,532",982,22446,-0.1,52,0.083024
"2022-01-02 12:29:24,836",983,22460,-0.3,42,0.083016
"2022-01-02 12:29:31,352",984,22478,-0.1,50,0.083006
"2022-01-02 12:29:36,649",985,22492,-0.3,42,0.082998
"2022-01-02 12:29:41,928",986,22506,-0.3,42,0.082990
"2022-01-02 12:29:47,302",987,22520,-0.3,42,0.082982
"2022-01-02 12:29:52,807",988,22534,-0.3,42,0.082974
"2022-01-02 12:29:58,097",989,22548,-0.3,42,0.082966
"2022-01-02 12:30:03,617",990,22562,-0.3,43,0.082958
"2022-01-02 12:30:10,000",991,22578,-0.2,49,0.082949
"2022-01-02 12:30:18,449",992,22602,0.2,70,0.082936
"2022-01-02 12:30:23,799",993,22616,-0.3,42,0.082928
"2022-01-02 12:30:29,586",994,22632,-0.2,42,0.082919
"2022-01-02 12:30:34,865",995,22646,-0.3,42,0.082911
"2022-01-02 12:30:40,201",996,22660,-0.3,42,0.082903
"2022-01-02 12:30:46,639",997,22678,-0.1,52,0.082893
"2022-01-02 12:30:53,173",998,22696,-0.1,51,0.082883
"2022-01-02 12:31:00,197",999,22716,-0.0,54,0.082872
"2022-01-02 12:31:05,496",1000,22730,-0.3,42,0.082864
"2022-01-02 12:31:11,979",1001,22748,-0.1,52,0.082854
"2022-01-02 12:31:17,747",1002,22764,-0.2,42,0.082845
"2022-01-02 12:31:23,510",1003,22780,-0.2,42,0.082836
"2022-01-02 12:31:28,793",1004,22794,-0.3,42,0.082828
"2022-01-02 12:31:36,285",1005,22814,-0.0,61,0.082817
"2022-01-02 12:31:43,983",1006,22836,0.1,63,0.082805
"2022-01-02 12:31:51,866",1007,22858,0.1,64,0.082793
"2022-01-02 12:31:58,375",1008,22876,-0.1,50,0.082783
"2022-01-02 12:32:04,916",1009,22895,-0.1,52,0.082773
"2022-01-02 12:32:10,678",1010,22911,-0.2,42,0.082764
"2022-01-02 12:32:17,210",1011,22929,-0.1,52,0.082754
"2022-01-02 12:32:22,482",1012,22943,-0.3,42,0.082746
"2022-01-02 12:32:28,274",1013,22959,-0.2,42,0.082737
"2022-01-02 12:32:33,550",1014,22973,-0.3,42,0.082729
"2022-01-02 12:32:38,951",1015,22987,-0.3,42,0.082721
"2022-01-02 12:32:46,122",1016,23007,-0.0,59,0.082710
"2022-01-02 12:32:51,450",1017,23021,-0.3,42,0.082702
"2022-01-02 12:32:58,969",1018,23041,-0.0,58,0.082691
"2022-01-02 12:33:05,866",1019,23061,-0.0,52,0.082680
"2022-01-02 12:33:13,033",1020,23081,-0.0,59,0.082669
"2022-01-02 12:33:20,071",1021,23101,-0.0,57,0.082658
"2022-01-02 12:33:26,489",1022,23119,-0.1,48,0.082648
"2022-01-02 12:33:31,748",1023,23133,-0.3,42,0.082640
"2022-01-02 12:33:39,499",1024,23155,0.1,62,0.082628
"2022-01-02 12:33:44,892",1025,23169,-0.3,42,0.082620
"2022-01-02 12:33:50,239",1026,23183,-0.3,42,0.082612
"2022-01-02 12:33:55,600",1027,23197,-0.3,42,0.082604
"2022-01-02 12:34:01,107",1028,23212,-0.3,42,0.082596
"2022-01-02 12:34:06,439",1029,23226,-0.3,42,0.082588
"2022-01-02 12:34:11,738",1030,23240,-0.3,42,0.082580
"2022-01-02 12:34:17,054",1031,23254,-0.3,42,0.082572
"2022-01-02 12:34:23,259",1032,23270,-0.2,50,0.082563
"2022-01-02 12:34:28,984",1033,23286,-0.2,42,0.082554
"2022-01-02 12:34:35,440",1034,23304,-0.1,52,0.082544
"2022-01-02 12:34:42,695",1035,23324,-0.0,59,0.082533
"2022-01-02 12:34:50,564",1036,23346,0.1,60,0.082521
"2022-01-02 12:34:57,144",1037,23364,-0.1,50,0.082512
"2022-01-02 12:35:04,297",1038,23384,-0.0,54,0.082501
"2022-01-02 12:35:09,624",1039,23398,-0.3,42,0.082493
"2022-01-02 12:35:14,973",1040,23412,-0.3,42,0.082485
"2022-01-02 12:35:22,030",1041,23432,-0.0,57,0.082474
"2022-01-02 12:35:27,416",1042,23446,-0.3,42,0.082466
"2022-01-02 12:35:33,920",1043,23464,-0.1,52,0.082456
"2022-01-02 12:35:42,519",1044,23488,0.2,67,0.082443
"2022-01-02 12:35:49,431",1045,23506,-0.1,55,0.082433
"2022-01-02 12:35:55,201",1046,23522,-0.2,42,0.082424
"2022-01-02 12:36:02,399",1047,23542,-0.0,58,0.082413
"2022-01-02 12:36:11,477",1048,23568,0.3,72,0.082399
"2022-01-02 12:36:17,810",1049,23587,-0.1,51,0.082389
"2022-01-02 12:36:25,709",1050,23609,0.1,64,0.082377
"2022-01-02 12:36:32,006",1051,23627,-0.1,48,0.082367
"2022-01-02 12:36:38,563",1052,23645,-0.1,51,0.082357
"2022-01-02 12:36:45,726",1053,23665,-0.0,57,0.082346
"2022-01-02 12:36:53,635",1054,23688,0.1,63,0.082334
"2022-01-02 12:36:58,929",1055,23702,-0.3,42,0.082326
"2022-01-02 12:37:04,338",1056,23716,-0.3,42,0.082318
"2022-01-02 12:37:09,939",1057,23730,-0.3,42,0.082310
"2022-01-02 12:37:17,106",1058,23750,-0.0,58,0.082299
"2022-01-02 12:37:22,404",1059,23764,-0.3,42,0.082291
"2022-01-02 12:37:29,058",1060,23782,-0.1,51,0.082281
"2022-01-02 12:37:34,347",1061,23796,-0.3,42,0.082273
"2022-01-02 12:37:40,814",1062,23815,-0.1,48,0.082263
"2022-01-02 12:37:46,046",1063,23829,-0.3,42,0.082255
"2022-01-02 12:37:51,339",1064,23843,-0.3,42,0.082247
"2022-01-02 12:37:59,093",1065,23865,0.1,64,0.082235
"2022-01-02 12:38:04,348",1066,23879,-0.3,42,0.082227
"2022-01-02 12:38:10,085",1067,23895,-0.2,42,0.082218
"2022-01-02 12:38:16,677",1068,23913,-0.1,53,0.082208
"2022-01-02 12:38:23,872",1069,23933,-0.0,58,0.082197
"2022-01-02 12:38:29,288",1070,23947,-0.3,42,0.082189
"2022-01-02 12:38:36,984",1071,23967,-0.0,61,0.082178
"2022-01-02 12:38:45,296",1072,23991,0.2,68,0.082165
"2022-01-02 12:38:52,478",1073,24011,-0.0,58,0.082154
"2022-01-02 12:38:58,273",1074,24027,-0.2,42,0.082145
"2022-01-02 12:39:04,060",1075,24043,-0.2,42,0.082136
"2022-01-02 12:39:09,830",1076,24059,-0.2,42,0.082127
"2022-01-02 12:39:17,051",1077,24079,-0.0,55,0.082116
"2022-01-02 12:39:22,332",1078,24093,-0.3,42,0.082108
"2022-01-02 12:39:28,890",1079,24111,-0.1,52,0.082098
"2022-01-02 12:39:36,085",1080,24131,-0.0,59,0.082087
"2022-01-02 12:39:42,008",1081,24147,-0.2,42,0.082078
"2022-01-02 12:39:47,488",1082,24161,-0.3,42,0.082070
"2022-01-02 12:39:52,818",1083,24175,-0.3,42,0.082062
"2022-01-02 12:39:59,387",1084,24191,-0.2,53,0.082053
"2022-01-02 12:40:07,274",1085,24213,0.1,65,0.082041
"2022-01-02 12:40:14,883",1086,24236,0.1,62,0.082029
"2022-01-02 12:40:20,672",1087,24253,-0.2,42,0.082020
"2022-01-02 12:40:26,382",1088,24269,-0.2,42,0.082011
"2022-01-02 12:40:32,860",1089,24287,-0.1,52,0.082001
"2022-01-02 12:40:38,184",1090,24301,-0.3,42,0.081993
"2022-01-02 12:40:43,974",1091,24317,-0.2,42,0.081984
"2022-01-02 12:40:49,877",1092,24333,-0.2,42,0.081975
"2022-01-02 12:40:55,156",1093,24347,-0.3,42,0.081967
"2022-01-02 12:41:00,950",1094,24363,-0.2,42,0.081958
"2022-01-02 12:41:06,792",1095,24379,-0.2,42,0.081949
"2022-01-02 12:41:12,663",1096,24395,-0.2,42,0.081940
"2022-01-02 12:41:17,943",1097,24409,-0.3,42,0.081932
"2022-01-02 12:41:23,651",1098,24423,-0.3,42,0.081924
"2022-01-02 12:41:29,454",1099,24439,-0.2,42,0.081915
"2022-01-02 12:41:34,775",1100,24453,-0.3,42,0.081907
"2022-01-02 12:41:41,350",1101,24471,-0.1,49,0.081897
"2022-01-02 12:41:47,105",1102,24487,-0.2,42,0.081888
"2022-01-02 12:41:52,894",1103,24503,-0.2,42,0.081879
"2022-01-02 12:41:59,405",1104,24521,-0.1,51,0.081869
"2022-01-02 12:42:05,330",1105,24538,-0.2,42,0.081860
"2022-01-02 12:42:13,915",1106,24562,0.2,71,0.081847
"2022-01-02 12:42:20,433",1107,24580,-0.1,52,0.081837
"2022-01-02 12:42:25,700",1108,24594,-0.3,42,0.081829
"2022-01-02 12:42:31,119",1109,24608,-0.3,42,0.081821
"2022-01-02 12:42:36,429",1110,24622,-0.3,42,0.081813
"2022-01-02 12:42:41,724",1111,24636,-0.3,42,0.081805
"2022-01-02 12:42:47,505",1112,24650,-0.3,42,0.081797
"2022-01-02 12:42:55,210",1113,24672,0.1,59,0.081785
"2022-01-02 12:43:02,317",1114,24692,-0.0,58,0.081774
"2022-01-02 12:43:08,835",1115,24710,-0.1,51,0.081764
"2022-01-02 12:43:14,090",1116,24724,-0.3,42,0.081756
"2022-01-02 12:43:20,493",1117,24742,-0.1,52,0.081746
"2022-01-02 12:43:28,342",1118,24764,0.1,64,0.081734
"2022-01-02 12:43:34,816",1119,24782,-0.1,51,0.081724
"2022-01-02 12:43:42,019",1120,24802,-0.0,59,0.081713
"2022-01-02 12:43:47,305",1121,24816,-0.3,42,0.081705
"2022-01-02 12:43:53,363",1122,24831,-0.3,42,0.081697
"2022-01-02 12:43:58,751",1123,24845,-0.3,42,0.081689
"2022-01-02 12:44:04,064",1124,24859,-0.3,42,0.081681
"2022-01-02 12:44:09,432",1125,24874,-0.3,42,0.081673
"2022-01-02 12:44:16,287",1126,24892,-0.1,56,0.081663
"2022-01-02 12:44:23,403",1127,24912,-0.0,58,0.081652
"2022-01-02 12:44:30,441",1128,24932,-0.0,53,0.081641
"2022-01-02 12:44:36,820",1129,24950,-0.1,51,0.081631
"2022-01-02 12:44:44,013",1130,24970,-0.0,58,0.081620
"2022-01-02 12:44:52,572",1131,24994,0.2,72,0.081607
"2022-01-02 12:44:58,318",1132,25010,-0.2,42,0.081598
"2022-01-02 12:45:06,151",1133,25032,0.1,64,0.081586
"2022-01-02 12:45:12,750",1134,25050,-0.1,51,0.081576
"2022-01-02 12:45:18,065",1135,25064,-0.3,42,0.081568
"2022-01-02 12:45:25,349",1136,25084,-0.0,59,0.081557
"2022-01-02 12:45:30,624",1137,25098,-0.3,42,0.081549
"2022-01-02 12:45:35,949",1138,25112,-0.3,42,0.081541
"2022-01-02 12:45:42,394",1139,25128,-0.2,51,0.081532
"2022-01-02 12:45:51,542",1140,25154,0.3,77,0.081518
"2022-01-02 12:45:59,288",1141,25176,0.1,59,0.081507
"2022-01-02 12:46:04,542",1142,25190,-0.3,42,0.081499
"2022-01-02 12:46:09,804",1143,25204,-0.3,42,0.081491
"2022-01-02 12:46:15,105",1144,25218,-0.3,42,0.081483
"2022-01-02 12:46:21,643",1145,25236,-0.1,52,0.081473
"2022-01-02 12:46:30,217",1146,25260,0.2,70,0.081460
"2022-01-02 12:46:35,526",1147,25274,-0.3,42,0.081452
"2022-01-02 12:46:42,771",1148,25294,-0.0,58,0.081441
"2022-01-02 12:46:48,555",1149,25310,-0.2,42,0.081432
"2022-01-02 12:46:53,876",1150,25324,-0.3,42,0.081424
"2022-01-02 12:46:59,334",1151,25338,-0.3,42,0.081416
"2022-01-02 12:47:07,543",1152,25360,0.1,67,0.081404
"2022-01-02 12:47:13,370",1153,25376,-0.2,42,0.081395
"2022-01-02 12:47:20,529",1154,25396,-0.0,58,0.081384
"2022-01-02 12:47:27,099",1155,25414,-0.1,53,0.081374
"2022-01-02 12:47:35,023",1156,25436,0.1,64,0.081362
"2022-01-02 12:47:41,454",1157,25454,-0.1,51,0.081352
"2022-01-02 12:47:46,761",1158,25468,-0.3,42,0.081344
"2022-01-02 12:47:53,254",1159,25484,-0.2,52,0.081335
"2022-01-02 12:47:58,929",1160,25498,-0.3,43,0.081327
"2022-01-02 12:48:04,288",1161,25512,-0.3,42,0.081319
"2022-01-02 12:48:09,843",1162,25526,-0.3,42,0.081311
"2022-01-02 12:48:15,299",1163,25540,-0.3,42,0.081303
"2022-01-02 12:48:20,952",1164,25554,-0.3,43,0.081295
"2022-01-02 12:48:26,641",1165,25568,-0.3,42,0.081287
"2022-01-02 12:48:34,356",1166,25588,-0.0,63,0.081276
"2022-01-02 12:48:40,195",1167,25604,-0.2,42,0.081267
"2022-01-02 12:48:46,112",1168,25620,-0.2,42,0.081258
"2022-01-02 12:48:54,760",1169,25644,0.2,71,0.081245
"2022-01-02 12:49:00,109",1170,25658,-0.3,42,0.081237
"2022-01-02 12:49:07,286",1171,25679,-0.0,59,0.081226
"2022-01-02 12:49:14,823",1172,25697,-0.1,57,0.081216
"2022-01-02 12:49:21,612",1173,25713,-0.2,52,0.081207
"2022-01-02 12:49:27,317",1174,25725,-0.4,42,0.081200
"2022-01-02 12:49:33,619",1175,25737,-0.4,42,0.081193
"2022-01-02 12:49:40,693",1176,25755,-0.1,58,0.081183
"2022-01-02 12:49:46,052",1177,25769,-0.3,42,0.081175
"2022-01-02 12:49:51,695",1178,25784,-0.3,43,0.081167
