"2022-01-03 22:54:51,361",1,60,5.0,55,0.099939
"2022-01-03 22:55:03,038",2,196,12.3,104,0.099805
"2022-01-03 22:55:07,816",3,254,4.8,43,0.099746
"2022-01-03 22:55:12,615",4,317,5.2,42,0.099683
"2022-01-03 22:55:22,237",5,387,5.7,52,0.099615
"2022-01-03 22:55:29,909",6,428,1.0,64,0.099594
"2022-01-03 22:55:35,067",7,454,0.3,42,0.099580
"2022-01-03 22:55:40,272",8,480,0.3,43,0.099566
"2022-01-03 22:55:45,387",9,506,0.3,42,0.099552
"2022-01-03 22:55:50,643",10,532,0.3,42,0.099538
"2022-01-03 22:55:55,839",11,558,0.3,43,0.099524
"2022-01-03 22:56:00,974",12,584,0.3,42,0.099510
"2022-01-03 22:56:07,489",13,614,0.5,53,0.099495
"2022-01-03 22:56:17,245",14,661,1.3,85,0.099471
"2022-01-03 22:56:22,302",15,683,0.1,42,0.099459
"2022-01-03 22:56:27,566",16,709,0.3,43,0.099445
"2022-01-03 22:56:33,820",17,741,0.5,51,0.099429
"2022-01-03 22:56:39,185",18,767,0.3,42,0.099415
"2022-01-03 22:56:44,488",19,793,0.3,43,0.099401
"2022-01-03 22:56:49,721",20,819,0.3,43,0.099387
"2022-01-03 22:56:55,034",21,845,0.3,43,0.099373
"2022-01-03 22:57:01,166",22,875,0.5,52,0.099357
"2022-01-03 22:57:06,299",23,901,0.3,42,0.099343
"2022-01-03 22:57:11,638",24,927,0.3,42,0.099329
"2022-01-03 22:57:16,700",25,953,0.3,42,0.099315
"2022-01-03 22:57:23,107",26,985,0.6,54,0.099298
"2022-01-03 22:57:29,297",27,1017,0.6,52,0.099281
"2022-01-03 22:57:35,486",28,1050,0.6,53,0.099264
"2022-01-03 22:57:40,776",29,1076,0.3,43,0.099250
"2022-01-03 22:57:45,961",30,1102,0.3,42,0.099236
"2022-01-03 22:57:51,005",31,1128,0.3,42,0.099222
"2022-01-03 22:57:56,036",32,1152,0.2,42,0.099209
"2022-01-03 22:58:02,242",33,1185,0.6,52,0.099192
"2022-01-03 22:58:07,378",34,1211,0.3,42,0.099178
"2022-01-03 22:58:13,609",35,1241,0.5,51,0.099162
"2022-01-03 22:58:22,349",36,1285,1.2,74,0.099139
"2022-01-03 22:58:27,618",37,1311,0.3,43,0.099125
"2022-01-03 22:58:32,886",38,1337,0.3,42,0.099111
"2022-01-03 22:58:38,201",39,1363,0.3,43,0.099097
"2022-01-03 22:58:43,553",40,1389,0.3,43,0.099083
"2022-01-03 22:58:52,747",41,1437,1.4,79,0.099058
"2022-01-03 22:58:57,846",42,1464,0.3,42,0.099044
"2022-01-03 22:59:03,959",43,1494,0.5,42,0.099028
"2022-01-03 22:59:08,994",44,1516,0.1,42,0.099016
"2022-01-03 22:59:14,456",45,1542,0.3,44,0.099002
"2022-01-03 22:59:19,800",46,1568,0.3,43,0.098988
"2022-01-03 22:59:25,046",47,1595,0.3,42,0.098974
"2022-01-03 22:59:34,069",48,1641,1.3,77,0.098950
"2022-01-03 22:59:39,238",49,1667,0.3,42,0.098936
"2022-01-03 22:59:44,270",50,1694,0.3,42,0.098922
"2022-01-03 22:59:51,527",51,1731,0.8,60,0.098903
"2022-01-03 22:59:56,760",52,1757,0.3,42,0.098889
"2022-01-03 23:00:01,782",53,1783,0.3,42,0.098875
"2022-01-03 23:00:08,726",54,1817,0.7,57,0.098857
"2022-01-03 23:00:14,162",55,1843,0.3,44,0.098843
"2022-01-03 23:00:20,508",56,1875,0.6,52,0.098826
"2022-01-03 23:00:25,507",57,1901,0.3,42,0.098812
"2022-01-03 23:00:30,734",58,1928,0.3,42,0.098798
"2022-01-03 23:00:36,019",59,1954,0.3,43,0.098784
"2022-01-03 23:00:41,310",60,1981,0.3,43,0.098770
"2022-01-03 23:00:46,362",61,2005,0.2,42,0.098757
"2022-01-03 23:00:51,587",62,2031,0.3,42,0.098743
"2022-01-03 23:01:01,124",63,2079,1.4,78,0.098718
"2022-01-03 23:01:06,370",64,2105,0.3,43,0.098704
"2022-01-03 23:01:11,653",65,2131,0.3,42,0.098690
"2022-01-03 23:01:16,831",66,2157,0.3,42,0.098676
"2022-01-03 23:01:22,021",67,2183,0.3,42,0.098662
"2022-01-03 23:01:27,241",68,2209,0.3,42,0.098648
"2022-01-03 23:01:32,451",69,2235,0.3,42,0.098634
"2022-01-03 23:01:41,036",70,2279,1.2,73,0.098611
"2022-01-03 23:01:49,539",71,2323,1.2,72,0.098588
"2022-01-03 23:01:58,674",72,2369,1.3,77,0.098564
"2022-01-03 23:02:03,950",73,2395,0.3,42,0.098550
"2022-01-03 23:02:09,193",74,2421,0.3,42,0.098536
"2022-01-03 23:02:14,464",75,2447,0.3,43,0.098522
"2022-01-03 23:02:20,404",76,2477,0.5,42,0.098506
"2022-01-03 23:02:25,656",77,2503,0.3,42,0.098493
"2022-01-03 23:02:30,872",78,2529,0.3,42,0.098479
"2022-01-03 23:02:36,893",79,2557,0.4,49,0.098464
"2022-01-03 23:02:43,775",80,2586,0.4,55,0.098449
"2022-01-03 23:02:51,538",81,2620,0.7,63,0.098431
"2022-01-03 23:02:57,999",82,2648,0.4,51,0.098416
"2022-01-03 23:03:03,473",83,2670,0.1,43,0.098404
"2022-01-03 23:03:09,375",84,2696,0.3,49,0.098390
"2022-01-03 23:03:14,850",85,2718,0.1,42,0.098378
"2022-01-03 23:03:21,741",86,2748,0.5,58,0.098362
"2022-01-03 23:03:26,917",87,2770,0.1,42,0.098350
"2022-01-03 23:03:32,069",88,2790,-0.0,42,0.098339
"2022-01-03 23:03:39,315",89,2818,0.4,59,0.098324
"2022-01-03 23:03:46,782",90,2850,0.6,62,0.098307
"2022-01-03 23:03:52,516",91,2878,0.4,49,0.098292
"2022-01-03 23:03:57,778",92,2904,0.3,42,0.098278
"2022-01-03 23:04:02,900",93,2928,0.2,42,0.098265
"2022-01-03 23:04:08,240",94,2952,0.2,42,0.098252
"2022-01-03 23:04:13,410",95,2977,0.2,42,0.098239
"2022-01-03 23:04:18,662",96,2997,-0.0,42,0.098228
"2022-01-03 23:04:23,789",97,3018,-0.0,43,0.098217
"2022-01-03 23:04:31,011",98,3050,0.6,62,0.098200
"2022-01-03 23:04:36,546",99,3074,0.2,42,0.098187
"2022-01-03 23:04:42,053",100,3099,0.2,43,0.098174
"2022-01-03 23:04:48,734",101,3129,0.5,54,0.098158
"2022-01-03 23:04:53,836",102,3151,0.1,42,0.098146
"2022-01-03 23:04:58,915",103,3173,0.1,42,0.098134
"2022-01-03 23:05:05,286",104,3201,0.4,51,0.098119
"2022-01-03 23:05:10,870",105,3225,0.2,43,0.098106
"2022-01-03 23:05:17,309",106,3249,0.2,52,0.098093
"2022-01-03 23:05:23,287",107,3275,0.3,49,0.098079
"2022-01-03 23:05:30,035",108,3302,0.3,53,0.098065
"2022-01-03 23:05:37,334",109,3334,0.6,62,0.098048
"2022-01-03 23:05:43,837",110,3362,0.4,55,0.098033
"2022-01-03 23:05:48,945",111,3385,0.1,42,0.098021
"2022-01-03 23:05:54,094",112,3407,0.1,42,0.098009
"2022-01-03 23:05:59,670",113,3431,0.2,43,0.097996
"2022-01-03 23:06:04,796",114,3453,0.1,42,0.097984
"2022-01-03 23:06:10,327",115,3477,0.2,43,0.097971
"2022-01-03 23:06:18,493",116,3513,0.8,68,0.097952
"2022-01-03 23:06:23,636",117,3534,-0.0,42,0.097941
"2022-01-03 23:06:29,439",118,3558,0.2,48,0.097928
"2022-01-03 23:06:34,709",119,3578,-0.0,42,0.097917
"2022-01-03 23:06:39,871",120,3600,0.1,42,0.097905
"2022-01-03 23:06:45,191",121,3622,0.1,42,0.097893
"2022-01-03 23:06:52,936",122,3654,0.6,63,0.097876
"2022-01-03 23:06:58,020",123,3674,-0.0,42,0.097865
"2022-01-03 23:07:03,225",124,3696,0.1,42,0.097853
"2022-01-03 23:07:08,499",125,3716,-0.0,42,0.097842
"2022-01-03 23:07:15,104",126,3745,0.4,54,0.097827
"2022-01-03 23:07:20,316",127,3767,0.1,42,0.097815
"2022-01-03 23:07:28,300",128,3805,0.9,67,0.097795
"2022-01-03 23:07:33,564",129,3829,0.2,42,0.097782
"2022-01-03 23:07:38,688",130,3853,0.2,42,0.097769
"2022-01-03 23:07:43,746",131,3877,0.2,42,0.097756
"2022-01-03 23:07:48,861",132,3901,0.2,42,0.097743
"2022-01-03 23:07:53,963",133,3925,0.2,42,0.097730
"2022-01-03 23:07:59,252",134,3951,0.3,42,0.097716
"2022-01-03 23:08:04,615",135,3977,0.3,43,0.097702
"2022-01-03 23:08:11,009",136,4009,0.6,55,0.097685
"2022-01-03 23:08:16,322",137,4035,0.3,42,0.097671
"2022-01-03 23:08:21,368",138,4059,0.2,42,0.097658
"2022-01-03 23:08:26,496",139,4083,0.2,42,0.097645
"2022-01-03 23:08:31,801",140,4103,-0.0,42,0.097634
"2022-01-03 23:08:36,915",141,4127,0.2,42,0.097621
"2022-01-03 23:08:41,925",142,4149,0.1,42,0.097609
"2022-01-03 23:08:46,990",143,4174,0.2,42,0.097596
"2022-01-03 23:08:57,400",144,4226,1.6,88,0.097569
"2022-01-03 23:09:04,082",145,4258,0.6,57,0.097552
"2022-01-03 23:09:09,085",146,4282,0.2,42,0.097539
"2022-01-03 23:09:15,382",147,4314,0.6,52,0.097522
"2022-01-03 23:09:22,334",148,4348,0.7,58,0.097504
"2022-01-03 23:09:27,716",149,4374,0.3,44,0.097491
"2022-01-03 23:09:35,214",150,4410,0.8,64,0.097472
"2022-01-03 23:09:41,008",151,4438,0.4,48,0.097457
"2022-01-03 23:09:46,310",152,4464,0.3,42,0.097443
"2022-01-03 23:09:52,462",153,4494,0.5,50,0.097427
"2022-01-03 23:10:00,219",154,4533,0.9,65,0.097407
"2022-01-03 23:10:05,399",155,4558,0.2,42,0.097394
"2022-01-03 23:10:10,805",156,4584,0.3,43,0.097380
"2022-01-03 23:10:15,878",157,4608,0.2,42,0.097367
"2022-01-03 23:10:21,262",158,4634,0.3,42,0.097353
"2022-01-03 23:10:26,341",159,4658,0.2,42,0.097340
"2022-01-03 23:10:32,060",160,4685,0.3,48,0.097326
"2022-01-03 23:10:40,051",161,4725,1.0,67,0.097305
"2022-01-03 23:10:47,057",162,4759,0.7,59,0.097287
"2022-01-03 23:10:52,114",163,4784,0.2,42,0.097274
"2022-01-03 23:10:57,109",164,4809,0.2,42,0.097261
"2022-01-03 23:11:04,207",165,4843,0.7,58,0.097243
"2022-01-03 23:11:11,006",166,4871,0.4,56,0.097228
"2022-01-03 23:11:15,999",167,4893,0.1,42,0.097216
"2022-01-03 23:11:21,437",168,4920,0.3,43,0.097202
"2022-01-03 23:11:26,677",169,4946,0.3,42,0.097188
"2022-01-03 23:11:32,529",170,4978,0.5,49,0.097172
"2022-01-03 23:11:37,985",171,5000,0.1,42,0.097160
"2022-01-03 23:11:43,145",172,5022,0.1,42,0.097148
"2022-01-03 23:11:48,542",173,5049,0.3,43,0.097134
"2022-01-03 23:11:53,506",174,5073,0.2,42,0.097121
"2022-01-03 23:11:58,949",175,5097,0.2,42,0.097108
"2022-01-03 23:12:05,247",176,5127,0.5,51,0.097092
"2022-01-03 23:12:10,344",177,5149,0.1,42,0.097080
"2022-01-03 23:12:16,565",178,5179,0.5,51,0.097064
"2022-01-03 23:12:22,364",179,5207,0.4,49,0.097049
"2022-01-03 23:12:27,566",180,5234,0.3,42,0.097035
"2022-01-03 23:12:33,061",181,5261,0.3,42,0.097021
"2022-01-03 23:12:39,554",182,5292,0.5,54,0.097005
"2022-01-03 23:12:44,528",183,5316,0.2,42,0.096992
"2022-01-03 23:12:49,788",184,5343,0.3,42,0.096978
"2022-01-03 23:12:57,262",185,5379,0.8,62,0.096959
"2022-01-03 23:13:02,613",186,5405,0.3,43,0.096945
"2022-01-03 23:13:08,901",187,5435,0.5,52,0.096929
"2022-01-03 23:13:14,020",188,5459,0.2,42,0.096916
"2022-01-03 23:13:20,828",189,5493,0.7,56,0.096898
"2022-01-03 23:13:26,005",190,5517,0.2,42,0.096885
"2022-01-03 23:13:31,278",191,5541,0.2,42,0.096872
"2022-01-03 23:13:36,268",192,5563,0.1,42,0.096860
"2022-01-03 23:13:41,595",193,5589,0.3,42,0.096846
"2022-01-03 23:13:47,836",194,5619,0.5,52,0.096830
"2022-01-03 23:13:55,888",195,5658,0.9,62,0.096810
"2022-01-03 23:14:04,615",196,5701,1.1,75,0.096788
"2022-01-03 23:14:09,925",197,5727,0.3,43,0.096774
"2022-01-03 23:14:15,317",198,5753,0.3,43,0.096760
"2022-01-03 23:14:20,393",199,5777,0.2,42,0.096747
"2022-01-03 23:14:29,497",200,5817,1.0,77,0.096726
"2022-01-03 23:14:39,304",201,5863,1.3,84,0.096702
"2022-01-03 23:14:44,479",202,5887,0.2,42,0.096689
"2022-01-03 23:14:51,607",203,5921,0.7,58,0.096671
"2022-01-03 23:14:56,964",204,5947,0.3,42,0.096657
"2022-01-03 23:15:03,207",205,5977,0.5,52,0.096641
"2022-01-03 23:15:10,632",206,6011,0.7,62,0.096623
"2022-01-03 23:15:15,826",207,6033,0.1,42,0.096611
"2022-01-03 23:15:20,820",208,6057,0.2,42,0.096598
"2022-01-03 23:15:26,011",209,6083,0.3,42,0.096584
"2022-01-03 23:15:31,318",210,6109,0.3,42,0.096570
"2022-01-03 23:15:36,962",211,6135,0.3,44,0.096556
"2022-01-03 23:15:42,170",212,6161,0.3,42,0.096542
"2022-01-03 23:15:47,473",213,6187,0.3,42,0.096528
"2022-01-03 23:15:52,698",214,6214,0.3,43,0.096514
"2022-01-03 23:15:58,925",215,6244,0.5,51,0.096499
"2022-01-03 23:16:04,239",216,6270,0.3,42,0.096485
"2022-01-03 23:16:09,573",217,6296,0.3,43,0.096471
"2022-01-03 23:16:16,106",218,6328,0.6,53,0.096454
"2022-01-03 23:16:21,389",219,6354,0.3,43,0.096440
"2022-01-03 23:16:27,792",220,6387,0.6,53,0.096423
"2022-01-03 23:16:33,185",221,6414,0.3,42,0.096409
"2022-01-03 23:16:38,414",222,6438,0.2,42,0.096396
"2022-01-03 23:16:44,698",223,6468,0.5,52,0.096380
"2022-01-03 23:16:52,063",224,6502,0.7,60,0.096362
"2022-01-03 23:16:58,516",225,6530,0.4,52,0.096347
"2022-01-03 23:17:06,214",226,6565,0.7,65,0.096329
"2022-01-03 23:17:11,407",227,6585,-0.0,42,0.096318
"2022-01-03 23:17:16,700",228,6608,0.1,42,0.096306
"2022-01-03 23:17:30,875",229,6674,2.3,123,0.096272
"2022-01-03 23:17:37,935",230,6706,0.6,59,0.096255
"2022-01-03 23:17:48,619",231,6754,1.4,90,0.096230
"2022-01-03 23:18:01,725",232,6814,2.0,110,0.096199
"2022-01-03 23:18:06,769",233,6836,0.1,42,0.096187
"2022-01-03 23:18:12,962",234,6866,0.5,51,0.096171
"2022-01-03 23:18:18,170",235,6893,0.3,42,0.096157
"2022-01-03 23:18:23,453",236,6919,0.3,42,0.096143
"2022-01-03 23:18:29,833",237,6951,0.6,53,0.096126
"2022-01-03 23:18:37,002",238,6988,0.8,60,0.096107
"2022-01-03 23:18:41,991",239,7012,0.2,42,0.096094
"2022-01-03 23:18:47,125",240,7036,0.2,42,0.096081
"2022-01-03 23:18:53,593",241,7068,0.6,53,0.096064
"2022-01-03 23:18:59,907",242,7100,0.6,52,0.096047
"2022-01-03 23:19:06,990",243,7136,0.8,58,0.096028
"2022-01-03 23:19:14,229",244,7172,0.8,62,0.096009
"2022-01-03 23:19:21,439",245,7208,0.8,60,0.095990
"2022-01-03 23:19:28,528",246,7243,0.7,59,0.095972
"2022-01-03 23:19:34,827",247,7273,0.5,52,0.095956
"2022-01-03 23:19:46,424",248,7331,1.9,100,0.095926
"2022-01-03 23:19:52,196",249,7357,0.3,43,0.095912
"2022-01-03 23:19:57,303",250,7379,0.1,42,0.095900
"2022-01-03 23:20:03,702",251,7409,0.5,51,0.095884
"2022-01-03 23:20:08,820",252,7433,0.2,42,0.095871
"2022-01-03 23:20:17,340",253,7473,1.0,63,0.095850
"2022-01-03 23:20:23,228",254,7497,0.2,50,0.095837
"2022-01-03 23:20:30,367",255,7531,0.7,59,0.095819
"2022-01-03 23:20:38,432",256,7573,1.0,66,0.095798
"2022-01-03 23:20:43,515",257,7595,0.1,42,0.095786
"2022-01-03 23:20:49,974",258,7619,0.2,52,0.095773
"2022-01-03 23:20:55,050",259,7639,-0.0,42,0.095762
"2022-01-03 23:21:00,327",260,7661,0.1,42,0.095750
"2022-01-03 23:21:08,220",261,7693,0.6,65,0.095733
"2022-01-03 23:21:13,537",262,7716,0.1,42,0.095721
"2022-01-03 23:21:18,645",263,7738,0.1,42,0.095709
"2022-01-03 23:21:23,706",264,7760,0.1,42,0.095697
"2022-01-03 23:21:30,257",265,7790,0.5,53,0.095681
"2022-01-03 23:21:35,370",266,7812,0.1,42,0.095669
"2022-01-03 23:21:41,776",267,7843,0.5,52,0.095653
"2022-01-03 23:21:47,165",268,7868,0.2,43,0.095640
"2022-01-03 23:21:52,723",269,7890,0.1,43,0.095628
"2022-01-03 23:21:57,969",270,7910,-0.0,42,0.095617
"2022-01-03 23:22:03,338",271,7935,0.2,42,0.095604
"2022-01-03 23:22:11,362",272,7971,0.8,66,0.095585
"2022-01-03 23:22:19,717",273,8009,0.9,69,0.095565
"2022-01-03 23:22:24,795",274,8032,0.1,42,0.095553
"2022-01-03 23:22:30,839",275,8061,0.4,48,0.095538
"2022-01-03 23:22:35,880",276,8083,0.1,42,0.095526
"2022-01-03 23:22:43,263",277,8117,0.7,62,0.095508
"2022-01-03 23:22:52,294",278,8157,1.0,75,0.095488
"2022-01-03 23:22:57,339",279,8181,0.2,42,0.095475
"2022-01-03 23:23:02,782",280,8199,-0.1,42,0.095465
"2022-01-03 23:23:08,214",281,8221,0.1,42,0.095453
"2022-01-03 23:23:13,336",282,8241,-0.0,42,0.095442
"2022-01-03 23:23:18,647",283,8267,0.3,43,0.095428
"2022-01-03 23:23:25,109",284,8299,0.6,53,0.095411
"2022-01-03 23:23:30,136",285,8323,0.2,42,0.095398
"2022-01-03 23:23:36,555",286,8355,0.6,52,0.095381
"2022-01-03 23:23:45,561",287,8401,1.3,76,0.095357
"2022-01-03 23:23:52,050",288,8433,0.6,52,0.095340
"2022-01-03 23:23:58,414",289,8465,0.6,54,0.095323
"2022-01-03 23:24:03,540",290,8489,0.2,42,0.095310
"2022-01-03 23:24:09,651",291,8519,0.5,51,0.095294
"2022-01-03 23:24:16,073",292,8552,0.6,53,0.095277
"2022-01-03 23:24:22,707",293,8587,0.7,55,0.095259
"2022-01-03 23:24:29,643",294,8621,0.7,58,0.095241
"2022-01-03 23:24:38,970",295,8670,1.4,79,0.095216
"2022-01-03 23:24:47,123",296,8712,1.1,70,0.095194
"2022-01-03 23:24:53,318",297,8745,0.6,52,0.095177
"2022-01-03 23:25:00,507",298,8781,0.8,60,0.095158
"2022-01-03 23:25:06,403",299,8809,0.4,50,0.095143
"2022-01-03 23:25:11,708",300,8835,0.3,42,0.095129
"2022-01-03 23:25:18,780",301,8871,0.8,60,0.095110
"2022-01-03 23:25:23,933",302,8895,0.2,42,0.095097
"2022-01-03 23:25:29,313",303,8921,0.3,43,0.095083
"2022-01-03 23:25:38,084",304,8966,1.2,74,0.095060
"2022-01-03 23:25:43,067",305,8990,0.2,42,0.095047
"2022-01-03 23:25:49,383",306,9022,0.6,54,0.095030
"2022-01-03 23:25:54,648",307,9048,0.3,42,0.095016
"2022-01-03 23:25:59,696",308,9072,0.2,42,0.095003
"2022-01-03 23:26:07,370",309,9110,0.9,65,0.094983
"2022-01-03 23:26:17,530",310,9162,1.6,86,0.094956
"2022-01-03 23:26:24,672",311,9199,0.8,60,0.094937
"2022-01-03 23:26:34,375",312,9249,1.5,82,0.094911
"2022-01-03 23:26:43,301",313,9295,1.3,75,0.094887
"2022-01-03 23:26:52,660",314,9343,1.4,80,0.094862
"2022-01-03 23:26:57,681",315,9368,0.2,42,0.094849
"2022-01-03 23:27:05,467",316,9407,0.9,65,0.094829
"2022-01-03 23:27:10,832",317,9433,0.3,43,0.094815
"2022-01-03 23:27:16,805",318,9461,0.4,42,0.094800
"2022-01-03 23:27:22,057",319,9487,0.3,43,0.094786
"2022-01-03 23:27:30,896",320,9533,1.3,74,0.094762
"2022-01-03 23:27:36,277",321,9559,0.3,43,0.094748
"2022-01-03 23:27:42,455",322,9589,0.5,51,0.094732
"2022-01-03 23:27:47,553",323,9614,0.2,42,0.094719
"2022-01-03 23:27:52,928",324,9640,0.3,42,0.094705
"2022-01-03 23:27:58,254",325,9666,0.3,43,0.094691
"2022-01-03 23:28:03,981",326,9692,0.3,42,0.094677
"2022-01-03 23:28:09,303",327,9719,0.3,43,0.094663
"2022-01-03 23:28:15,236",328,9747,0.4,49,0.094648
"2022-01-03 23:28:22,365",329,9777,0.5,61,0.094632
"2022-01-03 23:28:32,113",330,9825,1.4,83,0.094607
"2022-01-03 23:28:37,557",331,9852,0.3,43,0.094593
"2022-01-03 23:28:44,910",332,9884,0.6,63,0.094576
"2022-01-03 23:28:58,301",333,9946,2.1,115,0.094544
"2022-01-03 23:29:03,343",334,9970,0.2,42,0.094531
"2022-01-03 23:29:09,677",335,10000,0.5,52,0.094515
"2022-01-03 23:29:16,723",336,10036,0.8,59,0.094497
"2022-01-03 23:29:24,947",337,10078,1.1,69,0.094475
"2022-01-03 23:29:32,805",338,10119,1.0,66,0.094454
"2022-01-03 23:29:42,422",339,10168,1.4,83,0.094429
"2022-01-03 23:29:50,818",340,10208,1.0,70,0.094408
"2022-01-03 23:29:58,749",341,10249,1.0,68,0.094387
"2022-01-03 23:30:05,148",342,10282,0.6,53,0.094370
"2022-01-03 23:30:12,096",343,10316,0.7,57,0.094352
"2022-01-03 23:30:18,261",344,10348,0.6,51,0.094335
"2022-01-03 23:30:25,092",345,10382,0.7,56,0.094317
"2022-01-03 23:30:30,438",346,10408,0.3,43,0.094303
"2022-01-03 23:30:35,767",347,10434,0.3,42,0.094289
"2022-01-03 23:30:40,745",348,10458,0.2,42,0.094276
"2022-01-03 23:30:45,760",349,10482,0.2,42,0.094263
"2022-01-03 23:30:52,826",350,10518,0.8,58,0.094244
"2022-01-03 23:30:57,816",351,10542,0.2,42,0.094231
"2022-01-03 23:31:03,052",352,10568,0.3,42,0.094217
"2022-01-03 23:31:11,583",353,10610,1.1,72,0.094195
"2022-01-03 23:31:17,895",354,10642,0.6,52,0.094178
"2022-01-03 23:31:28,309",355,10696,1.7,89,0.094150
"2022-01-03 23:31:39,526",356,10754,1.9,96,0.094120
"2022-01-03 23:31:47,409",357,10794,1.0,67,0.094099
"2022-01-03 23:31:53,712",358,10826,0.6,52,0.094082
"2022-01-03 23:32:02,870",359,10872,1.3,66,0.094058
"2022-01-03 23:32:08,081",360,10896,0.2,42,0.094045
"2022-01-03 23:32:14,383",361,10930,0.6,52,0.094028
"2022-01-03 23:32:20,578",362,10962,0.6,51,0.094011
"2022-01-03 23:32:29,965",363,11011,1.4,80,0.093986
"2022-01-03 23:32:39,338",364,11053,1.1,78,0.093964
"2022-01-03 23:32:46,876",365,11089,0.8,62,0.093945
"2022-01-03 23:32:52,115",366,11114,0.2,42,0.093932
"2022-01-03 23:32:57,192",367,11136,0.1,42,0.093920
"2022-01-03 23:33:07,493",368,11182,1.3,89,0.093896
"2022-01-03 23:33:14,380",369,11212,0.5,58,0.093880
"2022-01-03 23:33:19,444",370,11234,0.1,42,0.093868
"2022-01-03 23:33:24,611",371,11258,0.2,42,0.093855
"2022-01-03 23:33:32,103",372,11292,0.7,61,0.093837
"2022-01-03 23:33:37,275",373,11314,0.1,42,0.093825
"2022-01-03 23:33:42,354",374,11336,0.1,42,0.093813
"2022-01-03 23:33:48,826",375,11365,0.4,53,0.093798
"2022-01-03 23:33:55,189",376,11395,0.5,52,0.093782
"2022-01-03 23:34:00,210",377,11417,0.1,42,0.093770
"2022-01-03 23:34:05,218",378,11440,0.1,42,0.093758
"2022-01-03 23:34:10,399",379,11464,0.2,42,0.093745
"2022-01-03 23:34:17,686",380,11496,0.6,58,0.093728
"2022-01-03 23:34:22,773",381,11519,0.1,42,0.093716
"2022-01-03 23:34:31,287",382,11560,1.0,73,0.093695
"2022-01-03 23:34:36,306",383,11582,0.1,42,0.093683
"2022-01-03 23:34:43,421",384,11614,0.6,58,0.093666
"2022-01-03 23:34:50,487",385,11646,0.6,58,0.093649
"2022-01-03 23:34:56,771",386,11676,0.5,51,0.093633
"2022-01-03 23:35:02,235",387,11700,0.2,42,0.093620
"2022-01-03 23:35:10,700",388,11740,1.0,71,0.093599
"2022-01-03 23:35:21,127",389,11787,1.3,88,0.093575
"2022-01-03 23:35:29,906",390,11830,1.1,74,0.093553
"2022-01-03 23:35:35,077",391,11854,0.2,42,0.093540
"2022-01-03 23:35:42,686",392,11888,0.7,61,0.093522
"2022-01-03 23:35:50,110",393,11922,0.7,62,0.093505
"2022-01-03 23:35:55,590",394,11948,0.3,43,0.093491
"2022-01-03 23:36:01,059",395,11972,0.2,43,0.093478
"2022-01-03 23:36:06,073",396,11994,0.1,42,0.093466
"2022-01-03 23:36:14,149",397,12030,0.8,68,0.093447
"2022-01-03 23:36:20,305",398,12060,0.5,50,0.093431
"2022-01-03 23:36:26,626",399,12090,0.5,54,0.093415
"2022-01-03 23:36:31,650",400,12115,0.2,42,0.093402
"2022-01-03 23:36:38,430",401,12149,0.7,50,0.093384
"2022-01-03 23:36:43,893",402,12175,0.3,42,0.093370
"2022-01-03 23:36:49,063",403,12201,0.3,42,0.093356
"2022-01-03 23:36:54,273",404,12223,0.1,42,0.093344
"2022-01-03 23:37:00,527",405,12252,0.4,51,0.093329
"2022-01-03 23:37:06,643",406,12282,0.5,50,0.093313
"2022-01-03 23:37:13,685",407,12319,0.8,60,0.093294
"2022-01-03 23:37:18,765",408,12346,0.3,42,0.093280
"2022-01-03 23:37:24,937",409,12377,0.5,51,0.093264
"2022-01-03 23:37:30,410",410,12401,0.2,42,0.093251
"2022-01-03 23:37:42,469",411,12463,2.1,94,0.093219
"2022-01-03 23:37:48,659",412,12493,0.5,51,0.093203
"2022-01-03 23:37:56,537",413,12531,0.9,66,0.093183
"2022-01-03 23:38:01,707",414,12557,0.3,42,0.093169
"2022-01-03 23:38:09,426",415,12598,1.0,66,0.093148
"2022-01-03 23:38:17,525",416,12640,1.1,68,0.093126
"2022-01-03 23:38:22,776",417,12666,0.3,42,0.093112
"2022-01-03 23:38:30,230",418,12702,0.8,63,0.093093
"2022-01-03 23:38:35,504",419,12728,0.3,42,0.093079
"2022-01-03 23:38:40,523",420,12752,0.2,42,0.093066
"2022-01-03 23:38:47,539",421,12786,0.7,52,0.093048
"2022-01-03 23:38:52,556",422,12810,0.2,42,0.093035
"2022-01-03 23:38:59,633",423,12844,0.7,59,0.093017
"2022-01-03 23:39:09,427",424,12895,1.5,83,0.092991
"2022-01-03 23:39:14,651",425,12917,0.1,42,0.092979
"2022-01-03 23:39:20,954",426,12949,0.6,54,0.092962
"2022-01-03 23:39:26,016",427,12973,0.2,42,0.092949
"2022-01-03 23:39:32,318",428,13003,0.5,51,0.092933
"2022-01-03 23:39:37,310",429,13028,0.2,42,0.092920
"2022-01-03 23:39:43,756",430,13060,0.6,55,0.092903
"2022-01-03 23:39:55,382",431,13118,1.9,100,0.092873
"2022-01-03 23:40:05,679",432,13170,1.6,89,0.092846
"2022-01-03 23:40:15,679",433,13221,1.5,85,0.092820
"2022-01-03 23:40:22,805",434,13257,0.8,59,0.092801
"2022-01-03 23:40:32,039",435,13303,1.3,77,0.092777
"2022-01-03 23:40:38,204",436,13333,0.5,52,0.092761
"2022-01-03 23:40:46,940",437,13378,1.2,73,0.092738
"2022-01-03 23:40:52,076",438,13400,0.1,42,0.092726
"2022-01-03 23:40:59,765",439,13436,0.8,64,0.092707
"2022-01-03 23:41:06,052",440,13467,0.5,52,0.092691
"2022-01-03 23:41:13,030",441,13501,0.7,57,0.092673
"2022-01-03 23:41:18,085",442,13523,0.1,42,0.092661
"2022-01-03 23:41:23,168",443,13547,0.2,42,0.092648
"2022-01-03 23:41:29,179",444,13577,0.5,50,0.092632
"2022-01-03 23:41:34,191",445,13601,0.2,42,0.092619
"2022-01-03 23:41:41,274",446,13635,0.7,58,0.092601
"2022-01-03 23:41:46,618",447,13661,0.3,43,0.092587
"2022-01-03 23:41:51,916",448,13687,0.3,42,0.092573
"2022-01-03 23:41:56,984",449,13711,0.2,42,0.092560
"2022-01-03 23:42:03,053",450,13737,0.3,51,0.092546
"2022-01-03 23:42:11,431",451,13771,0.7,71,0.092528
"2022-01-03 23:42:20,639",452,13815,1.2,80,0.092506
"2022-01-03 23:42:27,790",453,13847,0.6,57,0.092489
"2022-01-03 23:42:36,015",454,13883,0.8,68,0.092470
"2022-01-03 23:42:41,757",455,13907,0.2,48,0.092457
"2022-01-03 23:42:48,784",456,13941,0.7,59,0.092439
"2022-01-03 23:42:55,005",457,13973,0.6,52,0.092422
"2022-01-03 23:43:00,343",458,13999,0.3,42,0.092408
"2022-01-03 23:43:08,489",459,14037,0.9,66,0.092388
"2022-01-03 23:43:15,022",460,14063,0.3,51,0.092374
"2022-01-03 23:43:21,455",461,14091,0.4,52,0.092359
"2022-01-03 23:43:26,665",462,14111,-0.0,42,0.092348
"2022-01-03 23:43:33,175",463,14141,0.5,55,0.092332
"2022-01-03 23:43:40,875",464,14177,0.8,66,0.092313
"2022-01-03 23:43:48,690",465,14211,0.7,66,0.092295
"2022-01-03 23:43:58,398",466,14259,1.4,82,0.092270
"2022-01-03 23:44:03,725",467,14285,0.3,42,0.092256
"2022-01-03 23:44:11,171",468,14321,0.8,60,0.092237
"2022-01-03 23:44:16,416",469,14345,0.2,42,0.092224
"2022-01-03 23:44:22,934",470,14374,0.4,50,0.092209
"2022-01-03 23:44:28,114",471,14394,-0.0,42,0.092198
"2022-01-03 23:44:36,735",472,14434,1.0,72,0.092177
"2022-01-03 23:44:42,034",473,14460,0.3,42,0.092163
"2022-01-03 23:44:48,711",474,14493,0.6,54,0.092146
"2022-01-03 23:44:55,102",475,14522,0.4,51,0.092131
"2022-01-03 23:45:01,336",476,14552,0.5,52,0.092115
"2022-01-03 23:45:07,712",477,14582,0.5,52,0.092099
"2022-01-03 23:45:12,765",478,14607,0.2,42,0.092086
"2022-01-03 23:45:19,041",479,14637,0.5,51,0.092070
"2022-01-03 23:45:28,776",480,14687,1.5,82,0.092044
"2022-01-03 23:45:34,784",481,14717,0.5,48,0.092028
"2022-01-03 23:45:42,634",482,14757,1.0,66,0.092007
"2022-01-03 23:45:51,102",483,14802,1.2,72,0.091984
"2022-01-03 23:45:57,507",484,14832,0.5,53,0.091968
"2022-01-03 23:46:07,713",485,14882,1.5,87,0.091942
"2022-01-03 23:46:14,038",486,14912,0.5,53,0.091926
"2022-01-03 23:46:19,168",487,14938,0.3,42,0.091912
"2022-01-03 23:46:26,500",488,14974,0.8,61,0.091893
"2022-01-03 23:46:31,692",489,15000,0.3,42,0.091879
"2022-01-03 23:46:37,921",490,15030,0.5,50,0.091863
"2022-01-03 23:46:43,248",491,15056,0.3,43,0.091849
"2022-01-03 23:46:52,554",492,15105,1.4,80,0.091824
"2022-01-03 23:46:58,743",493,15135,0.5,51,0.091808
"2022-01-03 23:47:04,821",494,15165,0.5,50,0.091792
"2022-01-03 23:47:10,177",495,15191,0.3,42,0.091778
"2022-01-03 23:47:17,268",496,15227,0.8,59,0.091759
"2022-01-03 23:47:22,579",497,15253,0.3,42,0.091745
"2022-01-03 23:47:28,835",498,15283,0.5,51,0.091729
"2022-01-03 23:47:34,176",499,15309,0.3,43,0.091715
"2022-01-03 23:47:39,432",500,15335,0.3,42,0.091701
"2022-01-03 23:47:47,543",501,15377,1.1,68,0.091679
"2022-01-03 23:47:55,431",502,15417,1.0,66,0.091658
"2022-01-03 23:48:01,420",503,15445,0.4,50,0.091643
"2022-01-03 23:48:06,786",504,15472,0.3,43,0.091629
"2022-01-03 23:48:12,108",505,15498,0.3,42,0.091615
"2022-01-03 23:48:17,424",506,15524,0.3,43,0.091601
"2022-01-03 23:48:24,874",507,15562,0.9,63,0.091581
"2022-01-03 23:48:33,893",508,15608,1.3,76,0.091557
"2022-01-03 23:48:44,748",509,15664,1.8,92,0.091528
"2022-01-03 23:48:52,734",510,15705,1.0,68,0.091508
"2022-01-03 23:48:57,951",511,15729,0.2,42,0.091495
"2022-01-03 23:49:04,126",512,15759,0.5,51,0.091479
"2022-01-03 23:49:10,227",513,15792,0.6,50,0.091462
"2022-01-03 23:49:15,394",514,15818,0.3,42,0.091448
"2022-01-03 23:49:20,715",515,15844,0.3,42,0.091434
"2022-01-03 23:49:26,805",516,15874,0.5,50,0.091418
"2022-01-03 23:49:32,055",517,15900,0.3,42,0.091404
"2022-01-03 23:49:38,030",518,15931,0.5,51,0.091388
"2022-01-03 23:49:43,422",519,15957,0.3,44,0.091374
"2022-01-03 23:49:49,301",520,15987,0.5,50,0.091358
"2022-01-03 23:49:54,373",521,16013,0.3,42,0.091344
"2022-01-03 23:50:00,601",522,16045,0.5,51,0.091328
"2022-01-03 23:50:07,912",523,16081,0.8,60,0.091309
"2022-01-03 23:50:13,227",524,16107,0.3,43,0.091295
"2022-01-03 23:50:20,660",525,16145,0.9,62,0.091275
"2022-01-03 23:50:29,326",526,16185,1.0,69,0.091254
"2022-01-03 23:50:37,616",527,16221,0.8,70,0.091235
"2022-01-03 23:50:43,187",528,16244,0.1,43,0.091223
"2022-01-03 23:50:50,685",529,16276,0.6,61,0.091206
"2022-01-03 23:50:56,884",530,16302,0.3,52,0.091192
"2022-01-03 23:51:03,100",531,16328,0.3,52,0.091178
"2022-01-03 23:51:09,183",532,16352,0.2,49,0.091165
"2022-01-03 23:51:17,435",533,16390,0.8,68,0.091146
"2022-01-03 23:51:22,886",534,16414,0.2,42,0.091133
"2022-01-03 23:51:29,024",535,16440,0.3,49,0.091119
"2022-01-03 23:51:34,175",536,16463,0.1,42,0.091107
"2022-01-03 23:51:40,365",537,16487,0.2,50,0.091094
"2022-01-03 23:51:45,390",538,16506,-0.1,42,0.091084
"2022-01-03 23:51:50,403",539,16530,0.2,42,0.091071
"2022-01-03 23:51:56,971",540,16561,0.5,53,0.091055
"2022-01-03 23:52:02,022",541,16584,0.1,42,0.091043
"2022-01-03 23:52:08,388",542,16614,0.5,53,0.091027
"2022-01-03 23:52:15,905",543,16648,0.7,62,0.091009
"2022-01-03 23:52:21,260",544,16673,0.2,43,0.090996
"2022-01-03 23:52:29,982",545,16716,1.1,72,0.090974
"2022-01-03 23:52:36,423",546,16746,0.5,54,0.090958
"2022-01-03 23:52:49,959",547,16811,2.2,117,0.090925
"2022-01-03 23:52:58,006",548,16851,0.9,66,0.090905
"2022-01-03 23:53:04,339",549,16881,0.5,51,0.090889
"2022-01-03 23:53:10,845",550,16911,0.5,51,0.090873
"2022-01-03 23:53:17,294",551,16942,0.5,52,0.090857
"2022-01-03 23:53:22,413",552,16964,0.1,42,0.090845
"2022-01-03 23:53:29,439",553,16992,0.4,58,0.090830
"2022-01-03 23:53:34,509",554,17016,0.2,42,0.090817
"2022-01-03 23:53:39,692",555,17038,0.1,42,0.090805
"2022-01-03 23:53:46,728",556,17074,0.7,60,0.090787
"2022-01-03 23:53:55,560",557,17118,1.2,76,0.090764
"2022-01-03 23:54:04,466",558,17164,1.2,75,0.090741
"2022-01-03 23:54:13,319",559,17203,0.9,76,0.090721
"2022-01-03 23:54:18,671",560,17229,0.3,42,0.090707
"2022-01-03 23:54:27,006",561,17271,1.1,70,0.090685
"2022-01-03 23:54:32,053",562,17294,0.1,42,0.090673
"2022-01-03 23:54:38,307",563,17324,0.5,51,0.090657
"2022-01-03 23:54:47,472",564,17370,1.3,78,0.090633
"2022-01-03 23:54:56,234",565,17412,1.1,73,0.090611
"2022-01-03 23:55:11,289",566,17488,2.8,131,0.090572
"2022-01-03 23:55:16,356",567,17512,0.2,42,0.090559
"2022-01-03 23:55:26,980",568,17562,1.5,89,0.090533
"2022-01-03 23:55:58,445",569,17707,6.2,101,0.090461
"2022-01-03 23:56:03,636",570,17729,0.1,42,0.090449
"2022-01-03 23:56:10,150",571,17757,0.4,52,0.090434
"2022-01-03 23:56:16,702",572,17785,0.4,55,0.090419
"2022-01-03 23:56:22,522",573,17807,0.1,48,0.090407
"2022-01-03 23:56:27,879",574,17827,-0.0,42,0.090396
"2022-01-03 23:56:33,418",575,17849,0.1,43,0.090384
"2022-01-03 23:56:38,562",576,17869,-0.0,42,0.090373
"2022-01-03 23:56:45,563",577,17897,0.4,57,0.090358
"2022-01-03 23:56:53,240",578,17925,0.4,65,0.090343
"2022-01-03 23:57:03,283",579,17969,1.2,83,0.090320
"2022-01-03 23:57:08,752",580,17989,-0.0,42,0.090309
"2022-01-03 23:57:15,000",581,18018,0.3,52,0.090295
"2022-01-03 23:57:20,265",582,18040,0.1,42,0.090283
"2022-01-03 23:57:26,991",583,18068,0.4,56,0.090268
"2022-01-03 23:57:32,166",584,18090,0.1,42,0.090256
"2022-01-03 23:57:37,330",585,18112,0.1,42,0.090244
"2022-01-03 23:57:43,076",586,18136,0.2,48,0.090231
"2022-01-03 23:57:50,564",587,18168,0.6,63,0.090214
"2022-01-03 23:57:56,142",588,18190,0.1,42,0.090202
"2022-01-03 23:58:01,790",589,18211,-0.0,44,0.090191
"2022-01-03 23:58:11,843",590,18255,1.2,84,0.090168
"2022-01-03 23:58:16,967",591,18277,0.1,42,0.090156
"2022-01-03 23:58:22,143",592,18299,0.1,42,0.090144
"2022-01-03 23:58:28,271",593,18325,0.3,52,0.090130
"2022-01-03 23:58:34,860",594,18354,0.4,55,0.090115
"2022-01-03 23:58:41,377",595,18382,0.4,52,0.090100
"2022-01-03 23:58:46,632",596,18404,0.1,42,0.090088
"2022-01-03 23:58:51,758",597,18426,0.1,42,0.090076
"2022-01-03 23:58:56,970",598,18449,0.1,42,0.090064
"2022-01-03 23:59:03,333",599,18477,0.4,51,0.090049
"2022-01-03 23:59:11,089",600,18509,0.6,61,0.090032
"2022-01-03 23:59:17,486",601,18533,0.2,50,0.090019
"2022-01-03 23:59:25,532",602,18566,0.6,69,0.090002
"2022-01-03 23:59:30,800",603,18588,0.1,42,0.089990
"2022-01-03 23:59:37,977",604,18619,0.5,57,0.089974
"2022-01-03 23:59:43,400",605,18641,0.1,42,0.089962
"2022-01-03 23:59:49,565",606,18667,0.3,52,0.089948
"2022-01-04 00:00:00,980",607,18717,1.5,99,0.089922
"2022-01-04 00:00:06,105",608,18737,-0.0,42,0.089911
"2022-01-04 00:00:12,532",609,18761,0.2,54,0.089898
"2022-01-04 00:00:18,427",610,18783,0.1,49,0.089886
"2022-01-04 00:00:23,693",611,18805,0.1,42,0.089874
"2022-01-04 00:00:29,138",612,18823,-0.1,42,0.089864
"2022-01-04 00:00:34,614",613,18843,-0.0,42,0.089853
"2022-01-04 00:00:40,659",614,18865,0.1,50,0.089841
"2022-01-04 00:00:46,992",615,18889,0.2,52,0.089828
"2022-01-04 00:00:53,467",616,18917,0.4,52,0.089813
"2022-01-04 00:01:00,218",617,18945,0.4,57,0.089798
"2022-01-04 00:01:06,301",618,18971,0.3,51,0.089784
"2022-01-04 00:01:13,398",619,19002,0.5,59,0.089768
"2022-01-04 00:01:21,686",620,19038,0.8,68,0.089749
"2022-01-04 00:01:27,194",621,19062,0.2,44,0.089736
"2022-01-04 00:01:34,021",622,19092,0.5,55,0.089720
"2022-01-04 00:01:39,365",623,19114,0.1,42,0.089708
"2022-01-04 00:01:44,760",624,19136,0.1,42,0.089696
"2022-01-04 00:01:50,911",625,19160,0.2,51,0.089683
"2022-01-04 00:01:56,275",626,19180,-0.0,42,0.089672
"2022-01-04 00:02:03,738",627,19212,0.6,60,0.089655
"2022-01-04 00:02:12,418",628,19253,1.0,74,0.089634
