"2022-03-29 00:08:03,684",0,17,0.7,47,0.100000
"2022-03-29 00:08:08,625",1,127,10.0,42,0.100000
"2022-03-29 00:08:13,376",2,218,8.1,42,0.100000
"2022-03-29 00:08:18,154",3,308,8.0,42,0.100000
"2022-03-29 00:08:22,913",4,382,6.4,42,0.100000
"2022-03-29 00:08:27,854",5,445,5.3,42,0.100000
"2022-03-29 00:08:32,592",6,511,5.6,42,0.100000
"2022-03-29 00:08:38,268",7,597,7.6,50,0.100000
"2022-03-29 00:08:43,024",8,675,6.8,42,0.100000
"2022-03-29 00:08:47,887",9,769,8.4,43,0.100000
"2022-03-29 00:08:52,596",10,860,8.1,42,0.100000
"2022-03-29 00:08:57,300",11,951,8.1,42,0.100000
"2022-03-29 00:09:03,844",12,1080,11.9,59,0.100000
"2022-03-29 00:09:08,528",13,1171,8.1,42,0.100000
"2022-03-29 00:09:16,184",14,1326,14.5,68,0.100000
"2022-03-29 00:09:22,529",15,1451,11.5,57,0.100000
"2022-03-29 00:09:27,253",16,1544,8.3,42,0.100000
"2022-03-29 00:09:32,006",17,1635,8.1,42,0.100000
"2022-03-29 00:09:37,746",18,1742,9.7,51,0.100000
"2022-03-29 00:09:42,489",19,1833,8.1,42,0.100000
"2022-03-29 00:09:47,196",20,1926,8.3,42,0.100000
"2022-03-29 00:09:54,826",21,2082,14.6,68,0.100000
"2022-03-29 00:10:01,676",22,2219,12.7,61,0.100000
"2022-03-29 00:10:07,223",23,2328,9.9,49,0.100000
"2022-03-29 00:10:20,197",24,2603,26.5,116,0.100000
"2022-03-29 00:10:26,013",25,2716,10.3,52,0.100000
"2022-03-29 00:10:31,641",26,2825,9.9,50,0.100000
"2022-03-29 00:10:36,403",27,2905,7.0,42,0.100000
"2022-03-29 00:10:41,127",28,2973,5.8,42,0.100000
"2022-03-29 00:10:47,033",29,3069,8.6,52,0.100000
"2022-03-29 00:10:55,062",30,3232,15.3,72,0.100000
"2022-03-29 00:11:03,200",31,3361,11.9,73,0.100000
"2022-03-29 00:11:08,971",32,3460,8.9,51,0.100000
"2022-03-29 00:11:15,610",33,3557,8.7,59,0.100000
"2022-03-29 00:11:24,218",34,3704,13.7,77,0.100000
"2022-03-29 00:11:30,019",35,3800,8.6,52,0.100000
"2022-03-29 00:11:36,688",36,3916,10.6,60,0.100000
"2022-03-29 00:11:42,569",37,4018,9.2,52,0.100000
"2022-03-29 00:11:48,278",38,4120,9.2,51,0.100000
"2022-03-29 00:11:52,984",39,4199,6.9,42,0.100000
"2022-03-29 00:11:57,799",40,4267,5.8,43,0.100000
"2022-03-29 00:12:05,743",41,4408,13.1,71,0.100000
"2022-03-29 00:12:23,096",42,4688,27.0,156,0.100000
"2022-03-29 00:12:32,910",43,4846,14.8,88,0.100000
"2022-03-29 00:12:38,775",44,4924,6.8,52,0.100000
"2022-03-29 00:12:47,613",45,5063,12.9,79,0.100000
"2022-03-29 00:13:08,373",46,5446,37.3,186,0.100000
"2022-03-29 00:13:13,172",47,5527,7.1,43,0.100000
"2022-03-29 00:13:20,444",48,5653,11.6,65,0.100000
"2022-03-29 00:13:26,283",49,5756,9.3,52,0.100000
"2022-03-29 00:13:31,093",50,5834,6.8,43,0.100000
"2022-03-29 00:13:39,593",51,5989,14.5,76,0.100000
"2022-03-29 00:13:51,699",52,6212,21.3,108,0.100000
"2022-03-29 00:13:56,439",53,6294,7.2,42,0.100000
"2022-03-29 00:14:08,270",54,6510,20.6,106,0.100000
"2022-03-29 00:14:17,596",55,6693,17.3,83,0.100000
"2022-03-29 00:14:26,462",56,6874,17.1,79,0.100000
"2022-03-29 00:14:38,556",57,7109,22.5,108,0.100000
"2022-03-29 00:15:02,355",58,7563,44.4,213,0.100000
"2022-03-29 00:15:07,095",59,7646,7.3,42,0.100000
"2022-03-29 00:15:29,895",60,8094,43.8,205,0.100000
"2022-03-29 00:15:39,743",61,8280,17.6,88,0.100000
"2022-03-29 00:15:44,466",62,8361,7.1,42,0.100000
"2022-03-29 00:15:49,212",63,8447,7.6,42,0.100000
"2022-03-29 00:15:53,954",64,8535,7.8,42,0.100000
"2022-03-29 00:16:02,340",65,8705,16.0,75,0.100000
"2022-03-29 00:16:07,084",66,8786,7.1,42,0.100000
"2022-03-29 00:16:12,643",67,8884,8.8,49,0.100000
"2022-03-29 00:16:20,811",68,9033,13.9,73,0.100000
"2022-03-29 00:16:29,956",69,9198,15.5,82,0.100000
"2022-03-29 00:16:36,368",70,9310,10.2,57,0.100000
"2022-03-29 00:16:50,649",71,9576,25.6,128,0.100000
"2022-03-29 00:16:57,284",72,9696,11.0,59,0.100000
"2022-03-29 00:17:18,807",73,10110,40.4,193,0.100000
"2022-03-29 00:17:29,938",74,10317,19.7,100,0.100000
"2022-03-29 00:17:34,675",75,10397,7.0,42,0.100000
"2022-03-29 00:17:45,880",76,10600,19.3,100,0.100000
"2022-03-29 00:17:53,872",77,10748,13.8,71,0.100000
"2022-03-29 00:18:00,258",78,10860,10.2,57,0.100000
"2022-03-29 00:18:17,331",79,11213,34.3,153,0.100000
"2022-03-29 00:18:27,302",80,11404,18.1,89,0.100000
"2022-03-29 00:18:32,066",81,11481,6.7,42,0.100000
"2022-03-29 00:18:36,840",82,11549,5.8,43,0.100000
"2022-03-29 00:18:46,955",83,11704,14.5,90,0.100000
"2022-03-29 00:18:52,365",84,11801,8.7,48,0.100000
"2022-03-29 00:18:59,576",85,11935,12.4,65,0.100000
"2022-03-29 00:19:04,326",86,12017,7.2,42,0.100000
"2022-03-29 00:19:11,658",87,12144,11.7,65,0.100000
"2022-03-29 00:19:22,833",88,12341,18.7,100,0.100000
"2022-03-29 00:19:44,192",89,12745,39.4,192,0.100000
"2022-03-29 00:19:48,917",90,12829,7.4,42,0.100000
"2022-03-29 00:19:56,836",91,12976,13.7,71,0.100000
"2022-03-29 00:20:05,901",92,13147,16.1,81,0.100000
"2022-03-29 00:20:10,625",93,13228,7.1,42,0.100000
"2022-03-29 00:20:36,577",94,13705,46.7,233,0.100000
"2022-03-29 00:20:56,794",95,14049,33.4,182,0.100000
"2022-03-29 00:21:19,619",96,14450,39.1,205,0.100000
"2022-03-29 00:21:24,363",97,14529,6.9,42,0.100000
"2022-03-29 00:21:52,337",98,15074,53.5,251,0.100000
"2022-03-29 00:22:14,532",99,15510,42.6,199,0.100000
"2022-03-29 00:22:37,341",100,15956,43.6,205,0.100000
"2022-03-29 00:22:44,813",101,16092,12.6,67,0.100000
"2022-03-29 00:23:07,743",102,16503,40.1,206,0.100000
"2022-03-29 00:23:49,912",103,17305,79.2,379,0.100000
"2022-03-29 00:24:15,482",104,17745,43.0,230,0.100000
"2022-03-29 00:25:08,605",105,18834,107.9,477,0.100000
"2022-03-29 00:26:07,158",106,19980,113.6,526,0.100000
"2022-03-29 00:27:20,327",107,21328,133.8,658,0.100000
"2022-03-29 00:27:26,449",108,21436,9.8,55,0.100000
"2022-03-29 00:27:39,707",109,21733,28.7,119,0.100000
"2022-03-29 00:27:49,447",110,21940,19.7,87,0.100000
"2022-03-29 00:28:47,247",111,23056,110.6,519,0.100000
"2022-03-29 00:29:58,485",112,24390,132.4,641,0.100000
"2022-03-29 00:30:12,045",113,24693,29.3,122,0.100000
"2022-03-29 00:30:58,778",114,25759,105.6,420,0.100000
"2022-03-29 00:31:36,289",115,26614,84.5,337,0.100000
"2022-03-29 00:32:10,915",116,27381,75.7,311,0.100000
"2022-03-29 00:32:17,610",117,27518,12.7,60,0.100000
"2022-03-29 00:32:38,106",118,27979,45.1,184,0.100000
"2022-03-29 00:32:42,858",119,28076,8.7,42,0.100000
"2022-03-29 00:33:03,609",120,28537,45.1,186,0.100000
"2022-03-29 00:33:21,699",121,28935,38.8,162,0.100000
"2022-03-29 00:33:26,388",122,29032,8.7,42,0.100000
"2022-03-29 00:33:40,626",123,29337,29.5,128,0.100000
"2022-03-29 00:33:58,433",124,29710,36.3,160,0.100000
"2022-03-29 00:34:32,263",125,30378,65.8,304,0.100000
"2022-03-29 00:35:06,263",126,30967,57.9,305,0.100000
"2022-03-29 00:35:13,853",127,31102,12.5,67,0.100000
"2022-03-29 00:35:27,116",128,31363,25.1,119,0.100000
"2022-03-29 00:35:38,615",129,31551,17.8,103,0.100000
"2022-03-29 00:35:43,385",130,31627,6.6,42,0.100000
"2022-03-29 00:36:15,500",131,32174,53.7,289,0.100000
"2022-03-29 00:36:50,200",132,32802,61.8,312,0.100000
"2022-03-29 00:37:02,246",133,33006,19.4,108,0.100000
"2022-03-29 00:37:34,556",134,33656,64.0,290,0.100000
"2022-03-29 00:38:24,678",135,34668,100.2,450,0.100000
"2022-03-29 00:38:54,563",136,35277,59.9,269,0.100000
"2022-03-29 00:39:02,486",137,35424,13.7,71,0.100000
"2022-03-29 00:39:23,167",138,35850,41.6,186,0.100000
"2022-03-29 00:39:49,613",139,36318,45.8,237,0.100000
"2022-03-29 00:40:29,036",140,37035,70.7,354,0.100000
"2022-03-29 00:40:57,565",141,37659,61.4,256,0.100000
"2022-03-29 00:41:35,955",142,38303,63.4,345,0.100000
"2022-03-29 00:42:04,745",143,38894,58.1,259,0.100000
"2022-03-29 00:42:20,163",144,39206,30.2,138,0.100000
"2022-03-29 00:42:25,977",145,39317,10.1,52,0.100000
"2022-03-29 00:42:30,843",146,39411,8.4,43,0.100000
"2022-03-29 00:43:16,161",147,40323,90.2,407,0.100000
"2022-03-29 00:44:07,779",148,41347,101.4,464,0.100000
"2022-03-29 00:44:14,193",149,41464,10.7,57,0.100000
"2022-03-29 00:44:32,495",150,41803,32.9,164,0.100000
"2022-03-29 00:44:42,672",151,41979,16.6,91,0.100000
"2022-03-29 00:45:05,355",152,42391,40.2,203,0.100000
"2022-03-29 00:45:19,229",153,42632,23.1,124,0.100000
"2022-03-29 00:45:30,468",154,42820,17.8,100,0.100000
"2022-03-29 00:45:44,114",155,43092,26.2,122,0.100000
"2022-03-29 00:46:30,370",156,44067,96.5,416,0.100000
"2022-03-29 00:46:40,676",157,44254,17.7,92,0.100000
"2022-03-29 00:47:05,580",158,44780,51.6,223,0.100000
"2022-03-29 00:47:19,641",159,45077,28.7,126,0.100000
"2022-03-29 00:47:43,105",160,45471,38.4,211,0.100000
"2022-03-29 00:47:55,426",161,45703,22.2,110,0.100000
"2022-03-29 00:48:05,098",162,45870,15.7,86,0.100000
"2022-03-29 00:48:09,823",163,45945,6.5,42,0.100000
"2022-03-29 00:48:15,620",164,46041,8.6,52,0.100000
"2022-03-29 00:48:21,458",165,46140,8.9,52,0.100000
"2022-03-29 00:48:49,083",166,46677,52.7,248,0.100000
"2022-03-29 00:48:56,209",167,46808,12.1,64,0.100000
"2022-03-29 00:49:13,302",168,47131,31.3,153,0.100000
"2022-03-29 00:49:18,231",169,47208,6.7,42,0.100000
"2022-03-29 00:49:35,889",170,47539,32.1,158,0.100000
"2022-03-29 00:50:09,633",171,48169,62.0,303,0.100000
"2022-03-29 00:50:32,749",172,48593,41.4,207,0.100000
"2022-03-29 00:50:55,846",173,49055,45.2,207,0.100000
"2022-03-29 00:51:02,754",174,49151,8.6,61,0.100000
"2022-03-29 00:51:27,191",175,49603,44.2,219,0.100000
"2022-03-29 00:51:47,098",176,49986,37.3,179,0.100000
"2022-03-29 00:51:54,697",177,50126,13.0,68,0.100000
"2022-03-29 00:52:03,684",178,50295,15.9,80,0.100000
"2022-03-29 00:52:09,797",179,50400,9.5,55,0.100000
"2022-03-29 00:52:26,060",180,50715,30.5,146,0.100000
"2022-03-29 00:52:30,796",181,50797,7.2,42,0.100000
"2022-03-29 00:53:21,940",182,51786,97.9,459,0.100000
"2022-03-29 00:53:34,324",183,52019,22.3,111,0.100000
"2022-03-29 00:54:03,944",184,52583,55.4,266,0.100000
"2022-03-29 00:55:11,438",185,53909,131.6,607,0.100000
"2022-03-29 00:55:50,294",186,54661,74.2,349,0.100000
"2022-03-29 00:56:05,759",187,54923,25.2,139,0.100000
"2022-03-29 00:56:16,889",188,55118,18.5,100,0.100000
"2022-03-29 00:57:17,414",189,56311,118.3,544,0.100000
"2022-03-29 01:00:08,024",190,59687,336.6,1535,0.100000
"2022-03-29 01:00:15,044",191,59799,10.2,63,0.100000
"2022-03-29 01:00:39,453",192,60263,45.4,219,0.100000
"2022-03-29 01:01:23,301",193,61114,84.1,394,0.100000
"2022-03-29 01:01:43,820",194,61472,34.8,184,0.100000
"2022-03-29 01:02:29,215",195,62290,80.8,408,0.100000
"2022-03-29 01:03:23,063",196,63272,97.2,484,0.100000
"2022-03-29 01:05:58,169",197,66173,289.1,1396,0.100000
"2022-03-29 01:07:45,423",198,68182,199.9,965,0.100000
"2022-03-29 01:08:33,003",199,69064,87.2,428,0.100000
"2022-03-29 01:09:59,883",200,70998,192.4,781,0.100000
"2022-03-29 01:10:17,014",201,71359,35.1,154,0.100000
"2022-03-29 01:10:50,366",202,72094,72.5,300,0.100000
"2022-03-29 01:11:01,634",203,72330,22.6,101,0.100000
"2022-03-29 01:11:12,835",204,72569,22.9,100,0.100000
"2022-03-29 01:11:20,345",205,72691,11.2,67,0.100000
"2022-03-29 01:11:27,116",206,72829,12.8,60,0.100000
"2022-03-29 01:11:40,923",207,73123,28.4,124,0.100000
"2022-03-29 01:11:53,109",208,73383,25.0,109,0.100000
"2022-03-29 01:12:51,405",209,74692,129.9,524,0.100000
"2022-03-29 01:13:36,774",210,75684,98.2,408,0.100000
"2022-03-29 01:14:56,823",211,77460,176.6,720,0.100000
"2022-03-29 01:15:10,122",212,77749,27.9,119,0.100000
"2022-03-29 01:16:00,911",213,78868,110.9,457,0.100000
"2022-03-29 01:16:10,047",214,79059,18.1,82,0.100000
"2022-03-29 01:16:18,701",215,79245,17.6,77,0.100000
"2022-03-29 01:16:32,618",216,79539,28.4,125,0.100000
"2022-03-29 01:16:44,802",217,79794,24.5,109,0.100000
"2022-03-29 01:17:02,751",218,80101,29.7,161,0.100000
"2022-03-29 01:18:19,071",219,81782,167.1,687,0.100000
"2022-03-29 01:18:28,187",220,81972,18.0,82,0.100000
"2022-03-29 01:19:08,010",221,82688,70.6,358,0.100000
"2022-03-29 01:19:14,880",222,82805,10.7,61,0.100000
"2022-03-29 01:19:29,379",223,83113,29.8,130,0.100000
"2022-03-29 01:19:39,383",224,83322,19.9,90,0.100000
"2022-03-29 01:20:42,436",225,84706,137.4,567,0.100000
"2022-03-29 01:21:06,103",226,85211,49.5,213,0.100000
"2022-03-29 01:21:23,481",227,85584,36.3,156,0.100000
"2022-03-29 01:21:50,591",228,86062,46.8,243,0.100000
"2022-03-29 01:22:04,964",229,86371,29.9,129,0.100000
"2022-03-29 01:22:27,134",230,86848,46.7,199,0.100000
"2022-03-29 01:23:32,857",231,88285,142.7,591,0.100000
"2022-03-29 01:23:45,341",232,88550,25.5,112,0.100000
"2022-03-29 01:24:00,235",233,88875,31.5,134,0.100000
"2022-03-29 01:24:21,920",234,89342,45.7,195,0.100000
"2022-03-29 01:24:33,127",235,89583,23.1,100,0.100000
"2022-03-29 01:24:47,242",236,89885,29.2,127,0.100000
"2022-03-29 01:25:46,039",237,91196,130.1,529,0.100000
"2022-03-29 01:26:24,406",238,92033,82.7,345,0.100000
"2022-03-29 01:26:34,727",239,92256,21.3,92,0.100000
"2022-03-29 01:26:51,103",240,92608,34.2,147,0.100000
"2022-03-29 01:27:20,377",241,93244,62.6,263,0.100000
"2022-03-29 01:28:17,743",242,94540,128.6,516,0.100000
"2022-03-29 01:28:22,431",243,94634,8.4,42,0.100000
"2022-03-29 01:31:31,179",244,98839,419.5,1698,0.100000
"2022-03-29 01:31:49,616",245,99252,40.3,165,0.100000
"2022-03-29 01:33:50,574",246,101968,270.6,1088,0.100000
"2022-03-29 01:37:30,045",247,106963,498.5,1975,0.100000
"2022-03-29 01:38:04,081",248,107725,75.2,306,0.100000
"2022-03-29 01:38:54,463",249,108845,111.0,453,0.100000
"2022-03-29 01:39:09,669",250,109183,32.8,136,0.100000
"2022-03-29 01:41:32,018",251,112403,321.0,1281,0.100000
"2022-03-29 01:42:39,485",252,113684,127.1,606,0.100000
"2022-03-29 01:43:26,831",253,114742,104.8,426,0.100000
"2022-03-29 01:44:41,908",254,116442,169.0,675,0.100000
"2022-03-29 01:46:08,217",255,118424,197.2,776,0.100000
"2022-03-29 01:46:28,896",256,118879,44.5,186,0.100000
"2022-03-29 01:47:30,066",257,120082,119.3,550,0.100000
"2022-03-29 01:49:39,437",258,123026,293.4,1164,0.100000
"2022-03-29 01:50:19,025",259,123920,88.4,356,0.100000
"2022-03-29 01:55:22,317",260,130957,702.7,2729,0.100000
"2022-03-29 01:57:09,072",261,133384,241.7,960,0.100000
"2022-03-29 01:57:20,288",262,133625,23.1,100,0.100000
"2022-03-29 01:57:29,450",263,133819,18.4,82,0.100000
"2022-03-29 01:58:29,540",264,135171,134.2,540,0.100000
"2022-03-29 01:58:55,156",265,135742,56.1,230,0.100000
"2022-03-29 01:59:32,757",266,136588,83.6,338,0.100000
"2022-03-29 01:59:38,617",267,136709,11.1,52,0.100000
"2022-03-29 01:59:44,308",268,136829,11.0,50,0.100000
"2022-03-29 01:59:56,449",269,137085,24.6,109,0.100000
"2022-03-29 02:00:35,385",270,137964,86.9,350,0.100000
"2022-03-29 02:01:04,907",271,138622,64.8,265,0.100000
"2022-03-29 02:01:53,029",272,139672,104.0,432,0.100000
"2022-03-29 02:02:11,150",273,140071,38.9,162,0.100000
"2022-03-29 02:02:22,238",274,140302,22.1,99,0.100000
"2022-03-29 02:02:28,441",275,140428,11.6,55,0.100000
"2022-03-29 02:02:58,558",276,141083,64.5,271,0.100000
"2022-03-29 02:03:30,129",277,141771,67.8,284,0.100000
"2022-03-29 02:04:03,796",278,142489,70.8,302,0.100000
"2022-03-29 02:05:22,174",279,144204,170.5,705,0.100000
"2022-03-29 02:05:33,398",280,144438,22.4,101,0.100000
"2022-03-29 02:06:05,112",281,145130,68.2,285,0.100000
"2022-03-29 02:08:49,663",282,148724,358.4,1481,0.100000
"2022-03-29 02:09:04,033",283,149035,30.1,129,0.100000
"2022-03-29 02:11:14,214",284,151897,285.2,1171,0.100000
"2022-03-29 02:11:40,872",285,152476,56.9,240,0.100000
"2022-03-29 02:12:10,167",286,153002,51.6,263,0.100000
"2022-03-29 02:13:40,174",287,154637,162.5,810,0.100000
"2022-03-29 02:14:10,885",288,155293,64.6,276,0.100000
"2022-03-29 02:14:33,615",289,155791,48.8,204,0.100000
"2022-03-29 02:14:42,285",290,155977,17.6,77,0.100000
"2022-03-29 02:15:45,353",291,157372,138.5,567,0.100000
"2022-03-29 02:18:24,785",292,160931,354.9,1434,0.100000
"2022-03-29 02:19:49,545",293,162849,190.8,762,0.100000
"2022-03-29 02:20:34,860",294,163871,101.2,407,0.100000
"2022-03-29 02:22:46,397",295,166822,294.1,1183,0.100000
"2022-03-29 02:23:56,058",296,168383,155.1,627,0.100000
"2022-03-29 02:24:49,239",297,169578,118.5,478,0.100000
"2022-03-29 02:26:49,989",298,172283,269.5,1086,0.100000
"2022-03-29 02:27:20,651",299,172971,67.8,276,0.100000
"2022-03-29 02:28:56,102",300,175107,212.6,859,0.100000
"2022-03-29 02:30:02,244",301,176587,147.0,595,0.100000
"2022-03-29 02:31:59,532",302,179210,261.3,1055,0.100000
"2022-03-29 02:33:12,918",303,180850,163.0,660,0.100000
"2022-03-29 02:34:20,401",304,182376,151.6,607,0.100000
"2022-03-29 02:35:25,842",305,183850,146.4,588,0.100000
"2022-03-29 02:36:26,019",306,185201,134.1,541,0.100000
"2022-03-29 02:41:14,478",307,191594,638.3,2596,0.100000
"2022-03-29 02:41:38,661",308,192125,52.1,217,0.100000
"2022-03-29 02:42:03,816",309,192678,54.3,226,0.100000
"2022-03-29 02:43:23,179",310,194456,176.8,713,0.100000
"2022-03-29 02:43:39,735",311,194824,35.8,148,0.100000
"2022-03-29 02:44:21,842",312,195780,94.6,378,0.100000
"2022-03-29 02:47:38,529",313,200227,443.7,1770,0.100000
"2022-03-29 02:49:40,198",314,202990,275.3,1094,0.100000
"2022-03-29 02:50:18,068",315,203852,85.2,340,0.100000
"2022-03-29 02:57:09,746",316,213250,938.8,3704,0.100000
"2022-03-29 02:57:32,642",317,213768,50.8,205,0.100000
"2022-03-29 02:58:03,339",318,214448,67.0,276,0.100000
"2022-03-29 02:58:39,121",319,215243,78.5,322,0.100000
"2022-03-29 02:59:32,629",320,216452,119.9,481,0.100000
"2022-03-29 03:01:24,649",321,218945,248.3,1008,0.100000
"2022-03-29 03:02:11,841",322,220004,104.9,424,0.100000
"2022-03-29 03:03:32,474",323,221818,180.4,725,0.100000
"2022-03-29 03:05:10,128",324,224042,221.4,878,0.100000
"2022-03-29 03:05:38,182",325,224669,61.7,252,0.100000
"2022-03-29 03:07:13,098",326,226745,206.6,854,0.100000
"2022-03-29 03:10:22,297",327,231042,428.7,1702,0.100000
"2022-03-29 03:11:21,416",328,232361,130.9,532,0.100000
"2022-03-29 03:11:46,879",329,232925,55.4,229,0.100000
"2022-03-29 03:11:52,491",330,233037,10.2,50,0.100000
"2022-03-29 03:12:08,581",331,233378,33.1,144,0.100000
"2022-03-29 03:12:32,903",332,233923,53.5,218,0.100000
"2022-03-29 03:17:41,824",333,240892,695.9,2779,0.100000
"2022-03-29 03:18:22,262",334,241791,88.9,363,0.100000
"2022-03-29 03:18:54,264",335,242520,71.9,287,0.100000
"2022-03-29 03:19:04,351",336,242721,19.1,90,0.100000
"2022-03-29 03:22:27,059",337,247319,458.8,1824,0.100000
"2022-03-29 03:23:51,056",338,249222,189.3,755,0.100000
"2022-03-29 03:27:21,475",339,253875,464.3,1893,0.100000
"2022-03-29 03:27:26,263",340,253942,5.7,42,0.100000
"2022-03-29 03:27:32,269",341,254039,8.7,53,0.100000
"2022-03-29 03:27:42,568",342,254257,20.8,92,0.100000
"2022-03-29 03:31:10,114",343,258917,465.0,1867,0.100000
"2022-03-29 03:32:15,643",344,260394,146.7,589,0.100000
"2022-03-29 03:33:55,984",345,262651,224.7,903,0.100000
"2022-03-29 03:34:00,705",346,262720,5.9,42,0.100000
"2022-03-29 03:34:24,270",347,263197,46.7,212,0.100000
"2022-03-29 03:34:33,603",348,263380,17.3,84,0.100000
"2022-03-29 03:36:44,488",349,266091,270.1,1177,0.100000
"2022-03-29 03:37:55,980",350,267700,159.9,643,0.100000
"2022-03-29 03:38:06,701",351,267920,21.0,96,0.100000
"2022-03-29 03:40:18,097",352,270767,283.7,1182,0.100000
"2022-03-29 03:42:35,424",353,273829,305.2,1236,0.100000
"2022-03-29 03:43:48,464",354,275428,158.9,657,0.100000
"2022-03-29 03:46:32,410",355,279078,364.0,1475,0.100000
"2022-03-29 03:47:28,016",356,280291,120.3,500,0.100000
"2022-03-29 03:48:40,430",357,281890,158.9,651,0.100000
"2022-03-29 03:49:48,580",358,283412,151.2,613,0.100000
"2022-03-29 03:50:04,357",359,283764,34.2,142,0.100000
"2022-03-29 03:50:20,056",360,284103,32.9,141,0.100000
"2022-03-29 03:51:15,507",361,285323,121.0,499,0.100000
"2022-03-29 03:52:15,766",362,286649,131.6,542,0.100000
"2022-03-29 03:52:25,463",363,286862,20.3,87,0.100000
"2022-03-29 03:53:01,085",364,287639,76.7,320,0.100000
"2022-03-29 03:53:07,870",365,287778,12.9,61,0.100000
"2022-03-29 03:56:43,243",366,292823,503.5,1938,0.100000
"2022-03-29 03:56:59,965",367,293196,36.3,150,0.100000
"2022-03-29 03:57:48,649",368,294327,112.1,438,0.100000
"2022-03-29 03:58:08,894",369,294794,45.7,182,0.100000
"2022-03-29 03:58:42,259",370,295561,75.7,300,0.100000
"2022-03-29 03:59:00,619",371,295974,40.3,165,0.100000
"2022-03-29 03:59:09,398",372,296162,17.8,79,0.100000
"2022-03-29 03:59:38,578",373,296822,65.0,262,0.100000
"2022-03-29 04:00:34,460",374,298134,130.2,502,0.100000
"2022-03-29 04:03:48,557",375,302671,452.7,1746,0.100000
"2022-03-29 04:04:53,992",376,304183,150.2,588,0.100000
"2022-03-29 04:05:07,197",377,304480,28.7,118,0.100000
"2022-03-29 04:10:02,889",378,310679,618.9,2661,0.100000
"2022-03-29 04:10:10,296",379,310806,11.7,66,0.100000
"2022-03-29 04:10:45,722",380,311487,67.1,318,0.100000
"2022-03-29 04:10:58,258",381,311761,26.4,112,0.100000
"2022-03-29 04:11:17,923",382,312213,44.2,177,0.100000
"2022-03-29 04:12:08,053",383,313385,116.2,451,0.100000
"2022-03-29 04:12:16,959",384,313543,14.8,80,0.100000
"2022-03-29 04:13:58,311",385,315963,241.0,912,0.100000
"2022-03-29 04:14:50,466",386,317194,122.1,469,0.100000
"2022-03-29 04:14:55,227",387,317289,8.5,42,0.100000
"2022-03-29 04:15:48,945",388,318553,125.4,483,0.100000
"2022-03-29 04:17:08,712",389,320446,188.3,717,0.100000
"2022-03-29 04:18:14,349",390,321991,153.5,590,0.100000
"2022-03-29 04:21:55,139",391,327216,521.5,1987,0.100000
"2022-03-29 04:24:25,493",392,330779,355.3,1353,0.100000
"2022-03-29 04:24:51,280",393,331267,47.8,232,0.100000
"2022-03-29 04:27:41,739",394,335342,406.5,1533,0.100000
"2022-03-29 04:31:20,589",395,339718,436.6,1969,0.100000
"2022-03-29 04:34:10,264",396,343141,341.3,1526,0.100000
"2022-03-29 04:35:49,512",397,345494,234.3,892,0.100000
"2022-03-29 04:36:13,963",398,346072,56.8,219,0.100000
"2022-03-29 04:37:30,660",399,347907,182.5,690,0.100000
"2022-03-29 04:39:17,107",400,350463,254.6,957,0.100000
"2022-03-29 04:39:24,173",401,350618,14.5,63,0.100000
"2022-03-29 04:39:35,802",402,350876,24.8,104,0.100000
"2022-03-29 04:39:56,954",403,351359,47.3,190,0.100000
"2022-03-29 04:41:03,476",404,352947,157.8,598,0.100000
"2022-03-29 04:44:18,238",405,357740,478.3,1752,0.100000
"2022-03-29 04:45:11,126",406,358983,123.3,476,0.100000
"2022-03-29 04:48:06,535",407,363197,420.4,1578,0.100000
"2022-03-29 04:48:38,128",408,363951,74.4,284,0.100000
"2022-03-29 04:50:20,734",409,366453,249.2,923,0.100000
"2022-03-29 04:50:51,902",410,367180,71.7,280,0.100000
"2022-03-29 04:51:15,382",411,367708,51.8,211,0.100000
"2022-03-29 04:52:22,457",412,369269,155.1,603,0.100000
"2022-03-29 04:53:36,631",413,370972,169.3,667,0.100000
"2022-03-29 04:54:34,135",414,372282,130.0,517,0.100000
"2022-03-29 05:03:28,508",415,384935,1264.3,4808,0.100000
"2022-03-29 05:06:42,563",416,389247,430.2,1746,0.100000
"2022-03-29 05:09:28,123",417,392972,371.5,1490,0.100000
"2022-03-29 05:09:49,953",418,393455,47.3,196,0.100000
"2022-03-29 05:10:58,286",419,394995,153.0,614,0.100000
"2022-03-29 05:13:27,325",420,397940,293.5,1341,0.100000
"2022-03-29 05:16:19,656",421,401665,371.5,1550,0.100000
"2022-03-29 05:16:37,742",422,402041,36.6,162,0.100000
"2022-03-29 05:17:55,609",423,403732,168.1,700,0.100000
"2022-03-29 05:18:51,598",424,404938,119.6,504,0.100000
"2022-03-29 05:19:41,553",425,406022,107.4,449,0.100000
"2022-03-29 05:21:33,746",426,408254,222.2,1009,0.100000
"2022-03-29 05:22:29,898",427,409300,103.6,505,0.100000
"2022-03-29 05:25:03,844",428,412790,348.0,1385,0.100000
"2022-03-29 05:25:18,603",429,413110,31.0,132,0.100000
"2022-03-29 05:33:44,755",430,424576,1145.6,4555,0.100000
"2022-03-29 05:35:08,960",431,426441,185.5,757,0.100000
"2022-03-29 05:36:27,143",432,428235,178.4,703,0.100000
"2022-03-29 05:38:08,795",433,430531,228.6,914,0.100000
"2022-03-29 05:38:13,621",434,430622,8.1,43,0.100000
"2022-03-29 05:38:25,919",435,430883,25.1,110,0.100000
"2022-03-29 05:42:58,349",436,436998,610.5,2451,0.100000
"2022-03-29 05:46:28,575",437,441781,477.3,1892,0.100000
"2022-03-29 05:46:53,821",438,442348,55.7,227,0.100000
"2022-03-29 05:47:56,808",439,443782,142.4,566,0.100000
"2022-03-29 05:52:41,831",440,450416,662.4,2564,0.100000
"2022-03-29 05:52:47,863",441,450535,10.9,54,0.100000
"2022-03-29 05:53:17,409",442,451177,63.2,265,0.100000
"2022-03-29 05:54:32,908",443,452877,169.0,679,0.100000
"2022-03-29 05:54:49,161",444,453235,34.8,146,0.100000
"2022-03-29 05:55:37,254",445,454339,109.4,432,0.100000
"2022-03-29 05:58:41,631",446,458567,421.8,1659,0.100000
"2022-03-29 06:03:13,531",447,464811,623.4,2447,0.100000
"2022-03-29 06:05:53,127",448,468493,367.2,1436,0.100000
"2022-03-29 06:07:35,741",449,470918,241.5,923,0.100000
"2022-03-29 06:08:50,761",450,472702,177.4,675,0.100000
"2022-03-29 06:09:39,386",451,473821,110.9,437,0.100000
"2022-03-29 06:16:17,015",452,483060,922.9,3578,0.100000
"2022-03-29 06:18:44,632",453,486571,350.1,1328,0.100000
"2022-03-29 06:22:36,196",454,492095,551.4,2084,0.100000
"2022-03-29 06:25:28,943",455,496192,408.7,1554,0.100000
"2022-03-29 06:26:08,827",456,497119,91.7,358,0.100000
"2022-03-29 06:28:09,707",457,499988,285.9,1087,0.100000
"2022-03-29 06:28:51,870",458,500950,95.2,379,0.100000
"2022-03-29 06:30:56,889",459,503831,287.1,1125,0.100000
"2022-03-29 06:33:44,070",460,507634,379.3,1504,0.100000
"2022-03-29 06:33:50,860",461,507776,13.2,61,0.100000
"2022-03-29 06:35:33,631",462,510254,246.8,925,0.100000
"2022-03-29 06:37:55,389",463,513734,347.0,1275,0.100000
"2022-03-29 06:39:33,472",464,516120,237.6,882,0.100000
"2022-03-29 06:42:31,657",465,520479,434.9,1603,0.100000
"2022-03-29 06:42:49,542",466,520883,39.4,160,0.100000
"2022-03-29 06:43:05,221",467,521239,34.6,140,0.100000
"2022-03-29 06:49:36,059",468,528773,752.4,3517,0.100000
"2022-03-29 06:50:45,891",469,530108,132.5,628,0.100000
"2022-03-29 06:56:44,735",470,538402,828.4,3229,0.100000
"2022-03-29 06:59:33,257",471,542227,381.5,1516,0.100000
"2022-03-29 07:00:00,179",472,542828,59.1,242,0.100000
"2022-03-29 07:01:42,831",473,545171,233.3,924,0.100000
"2022-03-29 07:05:26,944",474,550259,507.8,2016,0.100000
"2022-03-29 07:05:31,730",475,550350,8.1,43,0.100000
"2022-03-29 07:06:21,909",476,551488,112.8,451,0.100000
"2022-03-29 07:08:45,951",477,554804,330.6,1296,0.100000
"2022-03-29 07:10:48,875",478,557636,282.2,1106,0.100000
"2022-03-29 07:11:49,587",479,559056,141.0,546,0.100000
"2022-03-29 07:14:41,141",480,563044,397.8,1544,0.100000
"2022-03-29 07:14:51,117",481,563268,21.4,89,0.100000
"2022-03-29 07:15:17,578",482,563873,59.5,238,0.100000
"2022-03-29 07:15:43,980",483,564481,59.8,237,0.100000
"2022-03-29 07:16:09,934",484,565067,57.6,233,0.100000
"2022-03-29 07:16:16,092",485,565208,13.1,55,0.100000
"2022-03-29 07:17:01,842",486,566083,86.5,411,0.100000
"2022-03-29 07:19:44,791",487,569083,299.0,1466,0.100000
"2022-03-29 07:20:05,224",488,569534,44.1,184,0.100000
"2022-03-29 07:21:03,731",489,570844,130.0,526,0.100000
"2022-03-29 07:23:17,568",490,573844,299.0,1204,0.100000
"2022-03-29 07:24:10,574",491,575062,120.8,477,0.100000
"2022-03-29 07:27:31,441",492,579590,451.8,1807,0.100000
"2022-03-29 07:28:45,400",493,581452,185.2,380,0.100000
"2022-03-29 07:29:31,242",494,582324,86.2,412,0.100000
"2022-03-29 07:29:37,022",495,582408,7.4,52,0.100000
"2022-03-29 07:29:46,292",496,582554,13.6,83,0.100000
"2022-03-29 07:29:57,850",497,582748,18.4,104,0.100000
"2022-03-29 07:30:31,921",498,583294,53.6,306,0.100000
"2022-03-29 07:34:37,767",499,587974,467.0,2210,0.100000
"2022-03-29 07:35:13,675",500,588658,67.4,322,0.100000
"2022-03-29 07:36:44,260",501,590501,183.3,814,0.100000
"2022-03-29 07:37:29,990",502,591461,95.0,411,0.100000
"2022-03-29 07:38:44,481",503,592878,140.7,670,0.100000
"2022-03-29 07:38:58,381",504,593076,18.8,124,0.100000
"2022-03-29 07:39:05,554",505,593186,10.0,64,0.100000
"2022-03-29 07:39:57,290",506,594138,94.2,465,0.100000
"2022-03-29 07:40:31,703",507,594747,59.9,309,0.100000
"2022-03-29 07:42:19,966",508,596774,201.7,974,0.100000
"2022-03-29 07:42:29,906",509,596963,17.9,88,0.100000
"2022-03-29 07:43:35,721",510,598226,125.3,592,0.100000
"2022-03-29 07:43:53,458",511,598525,28.9,159,0.100000
"2022-03-29 07:43:58,382",512,598589,5.4,44,0.100000
"2022-03-29 07:57:05,553",513,618557,1995.8,6006,0.100000
"2022-03-29 08:07:00,618",514,633464,1489.7,5355,0.100000
"2022-03-29 08:08:36,745",515,635846,237.2,865,0.100000
"2022-03-29 08:11:35,311",516,639265,340.9,1607,0.100000
"2022-03-29 08:17:12,897",517,647234,795.9,3038,0.100000
"2022-03-29 08:18:40,181",518,649254,201.0,785,0.100000
"2022-03-29 08:20:11,337",519,651383,211.9,820,0.100000
"2022-03-29 08:25:42,417",520,659178,778.5,2979,0.100000
"2022-03-29 08:32:28,753",521,668948,976.0,3656,0.100000
"2022-03-29 08:34:38,418",522,672035,307.7,1167,0.100000
"2022-03-29 08:36:35,091",523,674772,272.7,1050,0.100000
"2022-03-29 08:38:36,563",524,677668,288.6,1093,0.100000
"2022-03-29 08:39:55,318",525,679535,185.7,708,0.100000
"2022-03-29 08:40:34,387",526,680435,89.0,351,0.100000
"2022-03-29 08:40:50,176",527,680779,33.4,141,0.100000
"2022-03-29 09:00:01,518",528,708176,2738.7,10362,0.100000
"2022-03-29 09:07:35,139",529,718988,1080.2,4082,0.100000
"2022-03-29 09:09:17,504",530,721395,239.7,914,0.100000
"2022-03-29 09:10:18,234",531,722681,127.6,546,0.100000
"2022-03-29 09:11:04,608",532,723613,92.2,417,0.100000
"2022-03-29 09:11:11,967",533,723732,10.9,66,0.100000
"2022-03-29 09:11:33,998",534,724205,46.3,198,0.100000
"2022-03-29 09:12:20,815",535,725104,88.9,421,0.100000
"2022-03-29 09:12:46,231",536,725568,45.4,228,0.100000
"2022-03-29 09:13:07,859",537,726030,45.2,194,0.100000
"2022-03-29 09:13:54,103",538,726922,88.2,416,0.100000
"2022-03-29 09:14:08,776",539,727181,24.9,132,0.100000
"2022-03-29 09:14:28,232",540,727567,37.6,174,0.100000
"2022-03-29 09:14:37,110",541,727762,18.5,79,0.100000
"2022-03-29 09:14:48,335",542,728035,26.3,101,0.100000
"2022-03-29 09:14:53,874",543,728163,11.8,49,0.100000
"2022-03-29 09:14:58,557",544,728276,10.3,42,0.100000
"2022-03-29 09:15:04,356",545,728395,10.9,52,0.100000
"2022-03-29 09:15:34,736",546,729133,72.8,273,0.100000
"2022-03-29 09:15:40,549",547,729254,11.1,52,0.100000
"2022-03-29 09:15:48,325",548,729419,15.5,69,0.100000
"2022-03-29 09:15:53,915",549,729528,9.9,50,0.100000
"2022-03-29 09:16:00,557",550,729648,11.0,59,0.100000
"2022-03-29 09:16:06,120",551,729746,8.8,50,0.100000
"2022-03-29 09:16:12,598",552,729866,11.0,57,0.100000
"2022-03-29 09:16:17,280",553,729971,9.5,42,0.100000
"2022-03-29 09:16:22,852",554,730115,13.4,50,0.100000
"2022-03-29 09:16:32,288",555,730342,21.7,84,0.100000
"2022-03-29 09:16:39,587",556,730544,19.2,65,0.100000
"2022-03-29 09:16:46,980",557,730753,19.9,66,0.100000
"2022-03-29 09:17:00,994",558,731099,33.6,126,0.100000
"2022-03-29 09:17:32,980",559,731896,78.7,287,0.100000
"2022-03-29 09:17:37,696",560,732002,9.6,42,0.100000
"2022-03-29 09:18:14,570",561,732926,91.4,331,0.100000
"2022-03-29 09:18:38,505",562,733483,54.7,215,0.100000
"2022-03-29 09:18:49,423",563,733790,29.7,98,0.100000
"2022-03-29 09:18:57,128",564,734009,20.9,69,0.100000
"2022-03-29 09:19:08,909",565,734319,30.0,106,0.100000
"2022-03-29 09:19:18,411",566,734587,25.8,85,0.100000
"2022-03-29 09:19:26,405",567,734806,20.9,72,0.100000
"2022-03-29 09:19:32,249",568,734960,14.4,52,0.100000
"2022-03-29 09:19:42,140",569,735205,23.5,88,0.100000
"2022-03-29 09:19:46,856",570,735305,9.0,42,0.100000
"2022-03-29 09:20:09,366",571,735846,53.1,202,0.100000
"2022-03-29 09:20:19,542",572,736077,22.1,91,0.100000
"2022-03-29 09:20:25,812",573,736227,14.0,56,0.100000
"2022-03-29 09:20:31,210",574,736364,12.7,48,0.100000
"2022-03-29 09:20:55,041",575,736950,57.6,214,0.100000
"2022-03-29 09:22:03,132",576,738589,162.9,612,0.100000
"2022-03-29 09:22:09,942",577,738750,15.1,61,0.100000
"2022-03-29 09:22:15,673",578,738891,13.1,51,0.100000
"2022-03-29 09:22:28,139",579,739208,30.7,111,0.100000
"2022-03-29 09:22:38,058",580,739471,25.3,89,0.100000
"2022-03-29 09:22:51,746",581,739806,32.5,123,0.100000
"2022-03-29 09:23:06,504",582,740188,37.2,132,0.100000
"2022-03-29 09:23:23,107",583,740607,40.9,149,0.100000
"2022-03-29 09:23:27,847",584,740731,11.4,42,0.100000
"2022-03-29 09:23:47,816",585,741236,49.5,179,0.100000
"2022-03-29 09:23:54,603",586,741404,15.8,61,0.100000
"2022-03-29 09:50:44,689",587,796518,5510.4,1847,0.100000
"2022-03-29 09:51:12,100",588,797162,63.4,246,0.100000
"2022-03-29 09:51:34,875",589,797726,55.4,205,0.100000
"2022-03-29 09:51:48,461",590,798074,33.8,122,0.100000
"2022-03-29 09:51:56,478",591,798268,18.4,72,0.100000
"2022-03-29 09:54:09,789",592,801437,315.9,1199,0.100000
"2022-03-29 09:54:28,936",593,801915,46.8,172,0.100000
"2022-03-29 09:55:00,389",594,802662,73.7,283,0.100000
"2022-03-29 09:55:46,446",595,803729,105.7,414,0.100000
"2022-03-29 09:56:18,196",596,804479,74.0,285,0.100000
"2022-03-29 09:56:22,886",597,804609,12.0,42,0.100000
"2022-03-29 09:57:27,203",598,806119,150.0,578,0.100000
"2022-03-29 09:57:56,524",599,806799,67.0,263,0.100000
"2022-03-29 09:58:01,223",600,806916,10.7,42,0.100000
"2022-03-29 09:59:36,265",601,809073,214.7,855,0.100000
"2022-03-29 10:00:00,074",602,809629,54.6,214,0.100000
"2022-03-29 10:00:59,641",603,811007,136.8,536,0.100000
"2022-03-29 10:01:38,062",604,811896,87.9,345,0.100000
"2022-03-29 10:04:32,130",605,815933,402.7,1566,0.100000
"2022-03-29 10:07:39,989",606,820331,438.8,1690,0.100000
"2022-03-29 10:08:09,012",607,820988,64.7,261,0.100000
"2022-03-29 10:08:34,038",608,821520,52.2,225,0.100000
"2022-03-29 10:12:01,709",609,826305,477.5,1869,0.100000
"2022-03-29 10:13:20,766",610,828060,174.5,711,0.100000
"2022-03-29 10:14:37,280",611,829861,179.1,687,0.100000
"2022-03-29 10:15:59,135",612,831898,202.7,736,0.100000
"2022-03-29 10:16:30,387",613,832654,74.6,281,0.100000
"2022-03-29 10:19:37,215",614,837217,455.3,1681,0.100000
"2022-03-29 10:21:18,152",615,839634,240.7,907,0.100000
"2022-03-29 10:27:39,469",616,849183,953.9,3431,0.100000
"2022-03-29 10:32:17,565",617,856034,684.1,2502,0.100000
"2022-03-29 10:41:04,921",618,869253,1320.9,4745,0.100000
"2022-03-29 10:45:59,732",619,876888,762.5,2653,0.100000
"2022-03-29 10:47:53,197",620,879876,297.8,1021,0.100000
"2022-03-29 11:02:04,441",621,902762,2287.6,7660,0.100000
"2022-03-29 11:03:24,466",622,904991,221.9,719,0.100000
"2022-03-29 11:08:24,210",623,913235,823.4,2697,0.100000
"2022-03-29 11:12:28,350",624,919953,670.8,2197,0.100000
"2022-03-29 11:14:13,852",625,922884,292.1,949,0.100000
"2022-03-29 11:21:35,015",626,934802,1190.8,3970,0.100000
"2022-03-29 11:22:10,177",627,935774,96.2,316,0.100000
"2022-03-29 11:24:30,602",628,939519,373.5,1263,0.100000
"2022-03-29 11:28:07,287",629,945172,564.3,1950,0.100000
"2022-03-29 11:29:26,805",630,947263,208.1,715,0.100000
"2022-03-29 11:38:55,746",631,962754,1548.1,5120,0.100000
"2022-03-29 11:39:40,175",632,964000,123.6,399,0.100000
"2022-03-29 11:41:55,323",633,967652,364.2,1216,0.100000
"2022-03-29 11:42:25,758",634,968434,77.2,273,0.100000
"2022-03-29 11:45:07,359",635,972666,422.2,1450,0.100000
"2022-03-29 12:00:30,001",636,998482,2580.6,8303,0.100000
"2022-03-29 12:09:39,215",637,1013754,1526.2,4942,0.100000
"2022-03-29 12:11:54,255",638,1017601,383.7,1215,0.100000
"2022-03-29 12:12:20,415",639,1018354,74.3,235,0.100000
"2022-03-29 12:12:41,695",640,1018982,61.8,191,0.100000
"2022-03-29 12:29:36,272",641,1046427,2743.5,9131,0.100000
"2022-03-29 12:33:48,286",642,1053276,683.9,2268,0.100000
"2022-03-29 12:34:20,191",643,1054178,89.2,287,0.100000
"2022-03-29 12:49:59,790",644,1080057,2586.9,8449,0.100000
"2022-03-29 12:50:45,424",645,1081181,111.4,407,0.100000
"2022-03-29 12:51:12,803",646,1081827,63.6,242,0.100000
"2022-03-29 12:51:21,080",647,1082029,19.2,74,0.100000
"2022-03-29 12:53:40,039",648,1085627,358.8,1250,0.100000
"2022-03-29 12:53:47,620",649,1085852,21.5,68,0.100000
"2022-03-29 12:54:52,038",650,1087458,159.6,579,0.100000
"2022-03-29 12:56:52,814",651,1090637,316.9,1087,0.100000
"2022-03-29 12:58:07,270",652,1092489,184.2,546,0.100000
"2022-03-29 13:13:48,418",653,1118781,2628.2,8470,0.100000
"2022-03-29 13:17:17,595",654,1124744,595.3,1882,0.100000
"2022-03-29 13:23:50,352",655,1135997,1124.3,3534,0.100000
"2022-03-29 13:40:48,182",656,1164406,2839.9,9160,0.100000
"2022-03-29 13:49:38,717",657,1179474,1505.8,4769,0.100000
"2022-03-29 13:50:45,323",658,1181204,172.0,594,0.100000
"2022-03-29 13:51:37,340",659,1182451,123.7,464,0.100000
"2022-03-29 13:52:12,960",660,1183462,100.1,320,0.100000
"2022-03-29 13:52:50,952",661,1184538,106.6,341,0.100000
"2022-03-29 13:53:25,294",662,1185467,91.9,308,0.100000
"2022-03-29 13:53:42,812",663,1185945,46.8,157,0.100000
"2022-03-29 14:02:24,850",664,1199692,1373.7,4698,0.100000
"2022-03-29 14:04:45,171",665,1203385,368.3,1262,0.100000
"2022-03-29 14:33:17,593",666,1249494,4609.9,15411,0.100000
"2022-03-29 14:38:11,543",667,1257390,788.6,2645,0.100000
"2022-03-29 14:39:21,900",668,1259293,189.3,632,0.100000
"2022-03-29 14:44:16,834",669,1267098,779.5,2653,0.100000
"2022-03-29 14:50:07,354",670,1275382,827.4,3147,0.100000
"2022-03-29 14:55:08,135",671,1283115,772.3,2706,0.100000
"2022-03-29 14:56:37,336",672,1285122,199.7,799,0.100000
"2022-03-29 14:56:58,761",673,1285701,56.9,192,0.100000
"2022-03-29 14:57:14,656",674,1286146,43.5,143,0.100000
"2022-03-29 14:58:19,108",675,1287717,156.1,579,0.100000
"2022-03-29 15:14:31,357",676,1314172,2644.5,8750,0.100000
"2022-03-29 15:14:43,342",677,1314526,34.4,107,0.100000
"2022-03-29 15:15:05,112",678,1315152,61.6,195,0.100000
"2022-03-29 15:23:25,263",679,1328972,1381.0,4501,0.100000
"2022-03-29 15:23:55,035",680,1329812,83.0,267,0.100000
"2022-03-29 15:25:01,852",681,1331672,185.0,601,0.100000
"2022-03-29 15:25:46,511",682,1332882,120.0,398,0.100000
"2022-03-29 15:27:07,427",683,1334962,207.0,703,0.100000
"2022-03-29 15:29:07,893",684,1337735,276.3,1084,0.100000
"2022-03-29 15:30:02,382",685,1339188,144.3,490,0.100000
"2022-03-29 15:32:01,749",686,1342649,345.1,1074,0.100000
"2022-03-29 15:33:48,342",687,1345817,315.8,959,0.100000
"2022-03-29 15:35:26,967",688,1348682,285.5,887,0.100000
"2022-03-29 15:40:26,007",689,1357214,852.2,2691,0.100000
"2022-03-29 15:40:43,080",690,1357724,50.0,153,0.100000
"2022-03-29 15:40:53,438",691,1358043,30.9,93,0.100000
"2022-03-29 15:41:06,546",692,1358436,38.3,118,0.100000
"2022-03-29 15:42:40,660",693,1361145,269.9,846,0.100000
"2022-03-29 15:43:09,948",694,1362020,86.5,263,0.100000
"2022-03-29 16:04:38,531",695,1398981,3695.1,11597,0.100000
"2022-03-29 16:11:23,369",696,1410565,1157.4,3643,0.100000
"2022-03-29 16:17:34,060",697,1421222,1064.7,3336,0.100000
"2022-03-29 16:18:01,084",698,1421897,66.5,243,0.100000
"2022-03-29 16:19:12,422",699,1423690,178.3,642,0.100000
"2022-03-29 16:22:22,532",700,1428351,465.1,1711,0.100000
"2022-03-29 16:38:35,842",701,1452621,2426.0,8759,0.100000
"2022-03-29 16:45:23,353",702,1464737,1210.6,3667,0.100000
"2022-03-29 16:48:57,112",703,1471073,632.6,1923,0.100000
"2022-03-29 16:49:10,002",704,1471475,39.2,116,0.100000
"2022-03-29 16:57:41,868",705,1486393,1490.8,4606,0.100000
"2022-03-29 16:58:11,863",706,1487268,86.5,270,0.100000
"2022-03-29 16:58:49,030",707,1488310,103.2,334,0.100000
"2022-03-29 16:59:05,355",708,1488791,47.1,147,0.100000
"2022-03-29 16:59:51,147",709,1490118,131.7,412,0.100000
"2022-03-29 17:00:42,593",710,1491610,148.2,463,0.100000
"2022-03-29 17:03:23,309",711,1496294,467.4,1446,0.100000
"2022-03-29 17:04:06,723",712,1497484,118.0,390,0.100000
"2022-03-29 17:04:16,866",713,1497730,23.6,91,0.100000
"2022-03-29 17:04:26,644",714,1497940,20.0,87,0.100000
"2022-03-29 17:04:31,417",715,1498061,11.1,42,0.100000
"2022-03-29 17:08:13,206",716,1503543,547.2,1996,0.100000
"2022-03-29 17:09:57,462",717,1506124,257.1,938,0.100000
"2022-03-29 17:11:25,439",718,1508614,248.0,791,0.100000
"2022-03-29 17:11:58,229",719,1509554,93.0,295,0.100000
"2022-03-29 17:12:53,142",720,1511125,156.1,494,0.100000
"2022-03-29 17:27:46,904",721,1536806,2567.1,8043,0.100000
"2022-03-29 17:31:54,875",722,1543728,691.2,2231,0.100000
"2022-03-29 17:32:55,729",723,1545440,170.2,547,0.100000
"2022-03-29 17:33:09,112",724,1545836,38.6,120,0.100000
"2022-03-29 17:33:35,201",725,1546590,74.4,234,0.100000
"2022-03-29 17:33:45,471",726,1546898,29.8,92,0.100000
"2022-03-29 17:34:02,324",727,1547381,47.3,151,0.100000
"2022-03-29 17:34:49,865",728,1548726,133.5,427,0.100000
"2022-03-29 17:36:38,762",729,1551787,305.1,980,0.100000
"2022-03-29 17:44:25,081",730,1564381,1258.4,4196,0.100000
"2022-03-29 17:44:38,123",731,1564704,31.3,104,0.100000
"2022-03-29 17:45:17,573",732,1565525,81.1,355,0.100000
"2022-03-29 17:45:49,653",733,1566212,67.7,288,0.100000
"2022-03-29 17:47:21,866",734,1568445,222.3,829,0.100000
"2022-03-29 17:51:44,694",735,1574793,633.8,2364,0.100000
"2022-03-29 17:51:59,216",736,1575125,32.2,130,0.100000
"2022-03-29 17:52:39,483",737,1576044,90.9,362,0.100000
"2022-03-29 17:52:48,674",738,1576241,18.7,79,0.100000
"2022-03-29 17:53:07,576",739,1576631,38.0,170,0.100000
"2022-03-29 17:53:21,190",740,1576938,29.7,122,0.100000
"2022-03-29 17:53:25,930",741,1577063,11.5,42,0.100000
"2022-03-29 17:54:59,544",742,1579261,218.8,842,0.100000
"2022-03-29 17:57:35,860",743,1582844,357.3,1406,0.100000
"2022-03-29 17:58:00,512",744,1583412,55.8,221,0.100000
"2022-03-29 17:59:02,050",745,1584810,138.8,553,0.100000
"2022-03-29 17:59:10,653",746,1585003,18.3,77,0.100000
"2022-03-29 17:59:34,658",747,1585556,54.3,216,0.100000
"2022-03-29 18:00:25,126",748,1586695,112.9,454,0.100000
"2022-03-29 18:01:17,606",749,1587843,113.8,472,0.100000
"2022-03-29 18:04:56,517",750,1592735,488.2,1970,0.100000
"2022-03-29 18:05:13,172",751,1593107,36.2,149,0.100000
"2022-03-29 18:09:18,212",752,1598462,534.5,2205,0.100000
"2022-03-29 18:09:56,384",753,1599313,84.1,343,0.100000
"2022-03-29 18:11:13,530",754,1601023,170.0,694,0.100000
"2022-03-29 18:11:33,923",755,1601403,37.0,183,0.100000
"2022-03-29 18:12:00,314",756,1602011,59.8,237,0.100000
"2022-03-29 18:12:25,933",757,1602604,58.3,230,0.100000
"2022-03-29 18:14:35,472",758,1605492,287.8,1165,0.100000
"2022-03-29 18:15:26,855",759,1606583,108.1,462,0.100000
"2022-03-29 18:17:10,980",760,1608841,224.8,936,0.100000
"2022-03-29 18:20:29,192",761,1613036,418.5,1783,0.100000
"2022-03-29 18:20:36,935",762,1613186,14.0,69,0.100000
"2022-03-29 18:22:00,118",763,1614921,172.5,748,0.100000
"2022-03-29 18:23:56,002",764,1617336,240.5,1042,0.100000
"2022-03-29 18:28:18,628",765,1622631,528.5,2363,0.100000
"2022-03-29 18:28:42,717",766,1623151,51.0,216,0.100000
"2022-03-29 18:28:56,684",767,1623459,29.8,125,0.100000
"2022-03-29 18:29:11,310",768,1623774,30.5,131,0.100000
"2022-03-29 18:29:43,336",769,1624335,55.1,288,0.100000
"2022-03-29 18:32:23,332",770,1627819,347.4,1439,0.100000
"2022-03-29 18:33:23,768",771,1629162,133.3,543,0.100000
"2022-03-29 18:33:46,358",772,1629630,45.8,203,0.100000
"2022-03-29 18:33:55,592",773,1629843,20.3,83,0.100000
"2022-03-29 18:34:02,902",774,1630015,16.2,65,0.100000
"2022-03-29 18:35:08,606",775,1631491,146.6,591,0.100000
"2022-03-29 18:35:13,355",776,1631608,10.7,42,0.100000
"2022-03-29 18:35:23,804",777,1631851,23.3,93,0.100000
"2022-03-29 18:36:23,414",778,1633180,131.9,536,0.100000
"2022-03-29 18:37:00,083",779,1633998,80.8,329,0.100000
"2022-03-29 18:37:13,499",780,1634304,29.6,120,0.100000
"2022-03-29 18:37:19,391",781,1634444,13.0,52,0.100000
"2022-03-29 18:38:00,852",782,1635361,90.7,373,0.100000
"2022-03-29 18:38:27,736",783,1635951,58.0,241,0.100000
"2022-03-29 18:38:35,494",784,1636132,17.1,69,0.100000
"2022-03-29 18:38:42,282",785,1636286,14.4,61,0.100000
"2022-03-29 18:38:59,570",786,1636684,38.8,155,0.100000
"2022-03-29 18:39:19,710",787,1637119,42.5,180,0.100000
"2022-03-29 18:39:46,226",788,1637746,61.7,238,0.100000
"2022-03-29 18:39:59,096",789,1638046,29.0,115,0.100000
"2022-03-29 18:40:07,902",790,1638257,20.1,79,0.100000
"2022-03-29 18:40:22,008",791,1638578,31.1,126,0.100000
"2022-03-29 18:40:29,277",792,1638734,14.6,65,0.100000
"2022-03-29 18:41:49,907",793,1640517,177.3,725,0.100000
"2022-03-29 18:41:58,231",794,1640700,17.3,74,0.100000
"2022-03-29 18:42:04,197",795,1640830,12.0,53,0.100000
"2022-03-29 18:46:05,196",796,1646274,543.4,2168,0.100000
"2022-03-29 18:48:01,895",797,1648952,266.8,1050,0.100000
"2022-03-29 18:48:20,767",798,1649330,36.8,169,0.100000
"2022-03-29 18:49:12,624",799,1650383,104.3,466,0.100000
"2022-03-29 18:49:53,494",800,1651297,90.4,367,0.100000
"2022-03-29 18:51:22,907",801,1653309,200.2,804,0.100000
"2022-03-29 18:53:01,708",802,1655412,209.3,888,0.100000
"2022-03-29 18:54:00,907",803,1656706,128.4,532,0.100000
"2022-03-29 18:54:40,476",804,1657564,84.8,355,0.100000
"2022-03-29 18:57:41,161",805,1661454,388.0,1626,0.100000
"2022-03-29 18:57:48,541",806,1661588,12.4,66,0.100000
"2022-03-29 18:58:40,158",807,1662673,107.5,464,0.100000
"2022-03-29 18:58:48,528",808,1662839,15.6,74,0.100000
"2022-03-29 18:59:24,006",809,1663590,74.1,319,0.100000
"2022-03-29 18:59:37,199",810,1663864,26.4,118,0.100000
"2022-03-29 18:59:41,932",811,1663958,8.4,42,0.100000
"2022-03-29 18:59:58,678",812,1664313,34.5,150,0.100000
"2022-03-29 19:00:08,203",813,1664529,20.6,85,0.100000
"2022-03-29 19:00:19,679",814,1664765,22.6,102,0.100000
"2022-03-29 19:00:24,421",815,1664861,8.6,42,0.100000
"2022-03-29 19:00:33,659",816,1665033,16.2,82,0.100000
"2022-03-29 19:01:13,761",817,1665881,83.8,360,0.100000
"2022-03-29 19:01:25,020",818,1666104,21.3,100,0.100000
"2022-03-29 19:01:32,493",819,1666279,16.5,67,0.100000
"2022-03-29 19:01:52,850",820,1666701,41.2,183,0.100000
"2022-03-29 19:02:08,088",821,1667027,31.6,136,0.100000
"2022-03-29 19:02:41,895",822,1667743,70.6,304,0.100000
"2022-03-29 19:09:02,568",823,1675475,772.2,3425,0.100000
"2022-03-29 19:09:47,584",824,1676441,95.6,405,0.100000
"2022-03-29 19:13:19,403",825,1681030,457.9,1906,0.100000
"2022-03-29 19:13:50,374",826,1681674,63.4,278,0.100000
"2022-03-29 19:16:02,531",827,1684495,281.1,1189,0.100000
"2022-03-29 19:16:38,305",828,1685277,77.2,321,0.100000
"2022-03-29 19:17:14,995",829,1686077,79.0,329,0.100000
"2022-03-29 19:17:27,055",830,1686277,19.0,108,0.100000
"2022-03-29 19:20:25,961",831,1690246,395.9,1609,0.100000
"2022-03-29 19:20:34,511",832,1690381,12.5,70,0.100000
"2022-03-29 19:20:59,958",833,1690845,45.4,228,0.100000
"2022-03-29 19:25:33,486",834,1697221,636.6,2461,0.100000
"2022-03-29 19:26:15,011",835,1698205,97.4,373,0.100000
"2022-03-29 19:27:31,606",836,1700053,183.8,689,0.100000
"2022-03-29 19:28:25,415",837,1701474,141.1,484,0.100000
"2022-03-29 19:51:51,837",838,1734841,3335.7,12657,0.100000
"2022-03-29 19:52:38,116",839,1736151,130.0,416,0.100000
"2022-03-29 19:55:39,858",840,1741303,514.2,1635,0.100000
"2022-03-29 19:56:00,682",841,1741897,58.4,187,0.100000
"2022-03-29 19:56:36,268",842,1742900,99.3,320,0.100000
"2022-03-29 19:57:04,389",843,1743691,78.1,253,0.100000
"2022-03-29 19:58:19,311",844,1745795,209.4,674,0.100000
"2022-03-29 20:00:20,950",845,1749180,337.5,1094,0.100000
"2022-03-29 20:00:48,622",846,1749943,75.3,249,0.100000
"2022-03-29 20:01:09,380",847,1750511,55.8,186,0.100000
"2022-03-29 20:01:37,828",848,1751292,77.1,256,0.100000
"2022-03-29 20:01:52,045",849,1751663,36.1,128,0.100000
"2022-03-29 20:02:39,681",850,1752919,124.6,428,0.100000
"2022-03-29 20:08:25,659",851,1762311,938.2,3113,0.100000
"2022-03-29 20:12:58,909",852,1769687,736.6,2458,0.100000
"2022-03-29 20:13:15,664",853,1770036,33.9,150,0.100000
"2022-03-29 20:13:56,020",854,1770836,79.0,362,0.100000
"2022-03-29 20:14:00,767",855,1770909,6.3,42,0.100000
"2022-03-29 20:14:21,563",856,1771380,46.1,186,0.100000
"2022-03-29 20:14:26,325",857,1771466,7.6,42,0.100000
"2022-03-29 20:14:47,598",858,1771835,35.9,191,0.100000
"2022-03-29 20:15:25,539",859,1772696,85.1,341,0.100000
"2022-03-29 20:15:49,212",860,1773125,41.9,212,0.100000
"2022-03-29 20:19:44,227",861,1778499,536.4,2115,0.100000
"2022-03-29 20:22:42,985",862,1782347,383.8,1608,0.100000
"2022-03-29 20:27:12,430",863,1788704,634.7,2424,0.100000
"2022-03-29 20:33:23,251",864,1796720,800.6,3337,0.100000
"2022-03-29 20:38:45,685",865,1804430,770.0,2901,0.100000
"2022-03-29 20:45:30,033",866,1813494,905.4,3638,0.100000
"2022-03-29 20:46:56,615",867,1815545,204.1,778,0.100000
"2022-03-29 20:54:49,072",868,1826087,1053.2,4252,0.100000
"2022-03-29 21:00:43,589",869,1834667,857.0,3190,0.100000
"2022-03-29 21:05:30,316",870,1842109,743.2,2573,0.100000
"2022-03-29 21:09:28,655",871,1848239,612.0,2145,0.100000
"2022-03-29 21:12:09,336",872,1851742,349.3,1446,0.100000
"2022-03-29 21:15:12,198",873,1856306,455.4,1645,0.100000
"2022-03-29 21:17:05,111",874,1858427,211.1,1016,0.100000
"2022-03-29 21:17:22,241",875,1858861,42.4,154,0.100000
"2022-03-29 21:17:40,396",876,1859313,44.2,163,0.100000
"2022-03-29 21:18:21,284",877,1860367,104.4,367,0.100000
"2022-03-29 21:23:27,762",878,1867222,684.5,2758,0.100000
"2022-03-29 21:25:17,504",879,1869464,223.2,987,0.100000
"2022-03-29 21:31:50,132",880,1877809,833.5,3533,0.100000
"2022-03-29 22:06:07,344",881,1932912,5509.3,18514,0.100000
"2022-03-29 22:06:24,061",882,1933218,29.6,150,0.100000
"2022-03-29 22:14:08,715",883,1943843,1061.5,4181,0.100000
"2022-03-29 22:15:18,161",884,1945712,185.9,625,0.100000
"2022-03-29 22:18:17,647",885,1950551,482.9,1615,0.100000
"2022-03-29 22:25:03,500",886,1960540,997.9,3652,0.100000
"2022-03-29 22:25:09,227",887,1960664,11.4,51,0.100000
"2022-03-29 22:26:02,843",888,1962077,140.3,482,0.100000
"2022-03-29 22:26:13,982",889,1962366,27.9,100,0.100000
"2022-03-29 22:26:21,328",890,1962553,17.7,66,0.100000
"2022-03-29 22:27:35,175",891,1964491,192.8,664,0.100000
"2022-03-29 22:28:06,736",892,1965325,82.4,283,0.100000
"2022-03-29 22:30:00,270",893,1968302,296.7,1021,0.100000
"2022-03-29 22:30:11,590",894,1968580,26.8,101,0.100000
"2022-03-29 22:31:18,390",895,1970321,173.1,601,0.100000
"2022-03-29 22:31:23,301",896,1970431,10.0,43,0.100000
"2022-03-29 22:31:30,771",897,1970605,16.4,66,0.100000
"2022-03-29 22:32:06,209",898,1971374,75.9,319,0.100000
"2022-03-29 22:32:25,859",899,1971833,44.9,176,0.100000
"2022-03-29 22:32:40,530",900,1972145,30.2,131,0.100000
"2022-03-29 22:32:57,678",901,1972577,42.2,154,0.100000
"2022-03-29 22:33:50,694",902,1973920,133.3,476,0.100000
"2022-03-29 22:35:49,743",903,1976865,293.5,1071,0.100000
"2022-03-29 22:36:58,270",904,1978487,161.2,616,0.100000
"2022-03-29 22:37:13,819",905,1978835,33.8,139,0.100000
"2022-03-29 22:38:42,742",906,1980957,211.2,800,0.100000
"2022-03-29 22:41:40,639",907,1985172,420.5,1600,0.100000
"2022-03-29 22:42:29,213",908,1986308,112.6,436,0.100000
"2022-03-29 22:45:49,391",909,1990970,465.2,1801,0.100000
"2022-03-29 22:51:14,837",910,1998616,763.6,2929,0.100000
"2022-03-29 23:03:03,711",911,2015768,1714.2,6379,0.100000
"2022-03-29 23:03:22,791",912,2016292,51.4,171,0.100000
"2022-03-29 23:04:04,741",913,2017385,108.3,377,0.100000
"2022-03-29 23:04:32,866",914,2018122,72.7,253,0.100000
"2022-03-29 23:04:41,292",915,2018329,19.7,75,0.100000
"2022-03-29 23:04:55,514",916,2018701,36.2,128,0.100000
"2022-03-29 23:05:06,156",917,2018977,26.6,95,0.100000
"2022-03-29 23:05:37,839",918,2019622,63.5,284,0.100000
"2022-03-29 23:06:00,254",919,2019997,36.5,201,0.100000
"2022-03-29 23:07:16,504",920,2021949,194.2,686,0.100000
"2022-03-29 23:10:03,350",921,2026344,438.5,1501,0.100000
"2022-03-29 23:11:26,110",922,2028507,215.3,744,0.100000
"2022-03-29 23:12:08,132",923,2029615,109.8,378,0.100000
"2022-03-29 23:12:35,884",924,2030350,72.5,249,0.100000
"2022-03-29 23:14:24,161",925,2033169,280.9,974,0.100000
"2022-03-29 23:15:47,054",926,2035342,216.3,746,0.100000
"2022-03-29 23:16:57,060",927,2037172,182.0,629,0.100000
"2022-03-29 23:18:04,258",928,2038856,167.4,604,0.100000
"2022-03-29 23:19:00,291",929,2040280,141.4,504,0.100000
"2022-03-29 23:20:17,894",930,2042273,198.3,698,0.100000
"2022-03-29 23:26:34,306",931,2051739,945.6,3387,0.100000
"2022-03-29 23:26:39,092",932,2051825,7.6,42,0.100000
"2022-03-29 23:27:17,947",933,2052727,89.2,348,0.100000
"2022-03-29 23:35:07,835",934,2064456,1171.9,4228,0.100000
"2022-03-29 23:35:28,901",935,2064851,38.5,168,0.100000
"2022-03-29 23:35:39,836",936,2065007,14.6,96,0.100000
"2022-03-29 23:35:44,837",937,2065103,8.6,43,0.100000
"2022-03-29 23:35:57,560",938,2065324,21.1,114,0.100000
"2022-03-29 23:37:47,164",939,2067579,224.5,986,0.100000
"2022-03-29 23:38:01,921",940,2067917,32.8,130,0.100000
"2022-03-29 23:38:17,710",941,2068164,23.7,140,0.100000
"2022-03-29 23:38:32,193",942,2068409,23.5,129,0.100000
"2022-03-29 23:43:18,021",943,2074837,641.8,2524,0.100000
"2022-03-29 23:43:26,384",944,2075097,25.0,64,0.100000
"2022-03-29 23:43:37,013",945,2075384,27.7,93,0.100000
"2022-03-29 23:45:20,875",946,2078441,304.7,109,0.100000
"2022-03-29 23:47:13,631",947,2080631,218.0,974,0.100000
"2022-03-29 23:47:19,566",948,2080782,14.1,53,0.100000
"2022-03-30 00:00:01,609",949,2104576,2378.4,1206,0.100000
"2022-03-30 00:07:59,128",950,2120006,1542.0,4297,0.100000
"2022-03-30 00:14:55,874",951,2133480,1346.4,3750,0.100000
"2022-03-30 00:15:26,688",952,2134484,99.4,277,0.100000
"2022-03-30 00:22:41,110",953,2148507,1401.3,3909,0.100000
"2022-03-30 00:31:42,739",954,2165819,1730.2,4874,0.100000
"2022-03-30 00:43:44,135",955,2188805,2297.6,6492,0.100000
"2022-03-30 00:54:53,840",956,2210122,2130.7,6027,0.100000
"2022-03-30 00:57:37,234",957,2215337,520.5,1470,0.100000
"2022-03-30 00:59:35,129",958,2219051,370.4,1061,0.100000
"2022-03-30 01:01:31,144",959,2222717,365.6,1043,0.100000
"2022-03-30 01:03:46,803",960,2227003,427.6,1220,0.100000
"2022-03-30 01:07:27,221",961,2233982,696.9,1983,0.100000
"2022-03-30 01:08:40,817",962,2236284,229.2,662,0.100000
"2022-03-30 01:09:18,787",963,2237465,117.1,341,0.100000
"2022-03-30 01:09:27,207",964,2237733,25.8,75,0.100000
"2022-03-30 01:09:37,654",965,2238062,31.9,94,0.100000
"2022-03-30 01:10:32,653",966,2239812,174.0,494,0.100000
"2022-03-30 01:10:45,534",967,2240221,39.9,115,0.100000
"2022-03-30 01:12:51,570",968,2244199,396.8,1134,0.100000
"2022-03-30 01:13:10,653",969,2244810,60.1,171,0.100000
"2022-03-30 01:13:24,037",970,2245236,41.6,120,0.100000
"2022-03-30 01:16:53,417",971,2251887,664.1,1884,0.100000
"2022-03-30 01:17:01,976",972,2252164,26.7,77,0.100000
"2022-03-30 01:19:50,146",973,2257458,528.4,1513,0.100000
"2022-03-30 01:54:49,298",974,2322912,6544.4,18892,0.100000
"2022-03-30 01:56:31,518",975,2326062,314.0,919,0.100000
"2022-03-30 01:59:39,212",976,2331843,577.1,1689,0.100000
"2022-03-30 02:06:33,068",977,2344653,1280.0,3724,0.100000
"2022-03-30 02:07:10,324",978,2345796,113.3,335,0.100000
"2022-03-30 02:08:09,959",979,2347636,183.0,536,0.100000
"2022-03-30 02:09:35,363",980,2350220,257.4,768,0.100000
"2022-03-30 02:12:42,677",981,2355973,574.3,1685,0.100000
"2022-03-30 02:16:06,319",982,2362256,627.3,1832,0.100000
"2022-03-30 02:17:28,263",983,2364718,245.2,737,0.100000
"2022-03-30 02:17:57,327",984,2365600,87.2,261,0.100000
"2022-03-30 02:18:29,076",985,2366579,96.9,285,0.100000
"2022-03-30 02:18:40,522",986,2366940,35.1,102,0.100000
"2022-03-30 02:19:13,379",987,2367947,99.7,295,0.100000
"2022-03-30 02:19:27,990",988,2368396,43.9,131,0.100000
"2022-03-30 02:19:41,334",989,2368810,40.4,120,0.100000
"2022-03-30 02:20:38,063",990,2370283,146.3,510,0.100000
"2022-03-30 02:24:42,509",991,2377582,728.9,2199,0.100000
"2022-03-30 02:28:54,025",992,2385065,747.3,2263,0.100000
"2022-03-30 02:29:10,995",993,2385574,49.9,152,0.100000
"2022-03-30 02:30:32,926",994,2387974,239.0,737,0.100000
"2022-03-30 02:31:02,558",995,2388846,86.2,266,0.100000
"2022-03-30 02:31:16,832",996,2389273,41.7,128,0.100000
"2022-03-30 02:38:21,978",997,2401826,1254.3,3826,0.100000
"2022-03-30 03:04:25,284",998,2447864,4602.8,14069,0.100000
"2022-03-30 03:05:17,608",999,2449395,152.1,471,0.100000
"2022-03-30 03:22:19,320",1000,2478910,2950.5,9195,0.100000
"2022-03-30 03:22:26,516",1001,2479128,20.8,64,0.100000
"2022-03-30 03:26:00,338",1002,2485421,628.3,1924,0.100000
"2022-03-30 03:27:23,898",1003,2487895,246.4,751,0.100000
"2022-03-30 03:36:24,082",1004,2503838,1593.3,4861,0.100000
"2022-03-30 03:45:19,157",1005,2519552,1570.4,4815,0.100000
"2022-03-30 03:49:23,137",1006,2526653,709.1,2195,0.100000
"2022-03-30 03:49:55,133",1007,2527593,93.0,288,0.100000
"2022-03-30 03:50:23,242",1008,2528417,81.4,252,0.100000
"2022-03-30 03:55:56,065",1009,2537952,952.5,2995,0.100000
"2022-03-30 03:57:34,175",1010,2540759,279.7,882,0.100000
"2022-03-30 03:57:39,059",1011,2540894,12.5,43,0.100000
"2022-03-30 03:59:31,197",1012,2544038,313.4,1008,0.100000
"2022-03-30 03:59:53,352",1013,2544668,62.0,199,0.100000
"2022-03-30 04:14:04,715",1014,2568130,2345.2,7662,0.100000
"2022-03-30 04:17:46,580",1015,2574287,614.7,1996,0.100000
"2022-03-30 04:18:35,564",1016,2575645,134.8,440,0.100000
"2022-03-30 04:18:50,999",1017,2576070,41.5,138,0.100000
"2022-03-30 04:20:08,743",1018,2578246,216.6,699,0.100000
"2022-03-30 04:21:07,791",1019,2579916,166.0,531,0.100000
"2022-03-30 04:21:13,488",1020,2580085,15.9,51,0.100000
"2022-03-30 05:07:19,650",1021,2656014,7591.9,24895,0.100000
"2022-03-30 05:15:34,552",1022,2669351,1332.7,4453,0.100000
"2022-03-30 05:18:29,073",1023,2674018,465.7,1570,0.100000
"2022-03-30 05:30:07,640",1024,2692702,1867.4,6286,0.100000
"2022-03-30 05:32:11,468",1025,2696020,330.8,1114,0.100000
"2022-03-30 05:35:30,427",1026,2701322,529.2,1790,0.100000
"2022-03-30 05:38:08,229",1027,2705501,416.9,1419,0.100000
"2022-03-30 05:38:17,732",1028,2705738,22.7,85,0.100000
"2022-03-30 05:39:07,169",1029,2707049,130.1,444,0.100000
"2022-03-30 05:43:46,528",1030,2714527,746.8,2514,0.100000
"2022-03-30 05:44:53,905",1031,2716339,180.2,606,0.100000
"2022-03-30 05:51:30,670",1032,2727211,1086.2,3571,0.100000
"2022-03-30 05:51:40,097",1033,2727468,24.7,84,0.100000
"2022-03-30 05:55:06,510",1034,2733153,567.5,1857,0.100000
"2022-03-30 05:55:32,487",1035,2733863,70.0,233,0.100000
"2022-03-30 05:57:20,153",1036,2736887,301.4,969,0.100000
"2022-03-30 06:02:03,117",1037,2744946,804.9,2546,0.100000
"2022-03-30 06:03:59,181",1038,2748253,329.7,1044,0.100000
"2022-03-30 06:07:40,960",1039,2754628,636.5,1996,0.100000
"2022-03-30 06:16:38,619",1040,2770039,1540.1,4838,0.100000
"2022-03-30 06:19:41,799",1041,2775483,543.4,1648,0.100000
"2022-03-30 06:20:09,928",1042,2776359,86.6,253,0.100000
"2022-03-30 06:22:37,551",1043,2780789,442.0,1328,0.100000
"2022-03-30 06:24:29,215",1044,2784187,338.8,1004,0.100000
"2022-03-30 06:26:30,284",1045,2787876,367.9,1089,0.100000
"2022-03-30 06:48:52,230",1046,2828521,4063.5,12077,0.100000
"2022-03-30 06:51:00,226",1047,2832362,383.1,1152,0.100000
"2022-03-30 06:57:05,481",1048,2843345,1097.3,3287,0.100000
"2022-03-30 07:05:18,365",1049,2857963,1460.8,4435,0.100000
"2022-03-30 07:08:58,118",1050,2864465,649.2,1977,0.100000
"2022-03-30 07:11:52,192",1051,2869772,529.7,1566,0.100000
"2022-03-30 07:20:34,042",1052,2885343,1556.1,4696,0.100000
"2022-03-30 07:27:02,918",1053,2896753,1140.0,3499,0.100000
"2022-03-30 07:28:01,647",1054,2898483,172.0,528,0.100000
"2022-03-30 07:30:26,722",1055,2902823,433.0,1305,0.100000
"2022-03-30 07:33:11,130",1056,2907809,497.6,1479,0.100000
"2022-03-30 07:40:57,676",1057,2921966,1414.7,4198,0.100000
"2022-03-30 07:45:20,841",1058,2930093,811.7,2368,0.100000
"2022-03-30 08:31:21,740",1059,3016352,8624.9,24848,0.100000
"2022-03-30 08:38:57,903",1060,3030546,1418.4,4105,0.100000
"2022-03-30 08:48:31,423",1061,3048425,1786.9,5161,0.100000
"2022-03-30 08:58:05,062",1062,3066217,1778.2,5162,0.100000
"2022-03-30 09:05:26,003",1063,3079853,1362.6,3968,0.100000
"2022-03-30 09:10:10,840",1064,3088633,877.0,2563,0.100000
"2022-03-30 10:27:34,426",1065,3231253,14261.0,41792,0.100000
"2022-03-30 10:31:19,787",1066,3238147,688.4,2028,0.100000
"2022-03-30 10:58:26,823",1067,3282477,4432.0,14643,0.100000
"2022-03-30 10:58:45,473",1068,3283001,51.4,126,0.100000
"2022-03-30 10:59:00,190",1069,3283434,42.3,60,0.100000
"2022-03-30 10:59:50,391",1070,3284931,148.7,341,0.100000
"2022-03-30 11:00:14,901",1071,3285675,73.4,148,0.100000
